{
    "src/addons/FS/DropdownReply/addon.json": "bde867bb237e4d697c792e818833ca3d08d3c74925461e0f4b9efbcbac22d146",
    "src/addons/FS/DropdownReply/Pub/Controller/dropdownReply.php": "61564be9cf37b41d6379332b4ae0062498001ecc5c3da0fe0bf09db1fa764d58",
    "src/addons/FS/DropdownReply/Setup.php": "7bd7cc0b5a498151dc3f58aae94095e9a312cef1d865f7f7517483fa3373cf88",
    "src/addons/FS/DropdownReply/XF/Entity/Thread.php": "5b8c1d1d5d539018440a53e49ed5e05622583d95c8f7b4b8d048e68e708306d5",
    "src/addons/FS/DropdownReply/_data/activity_summary_definitions.xml": "99d8c2563a31320d66f958fc8bda78613545f5f7959bb3cf5318805e3a3c39d2",
    "src/addons/FS/DropdownReply/_data/admin_navigation.xml": "064ec797484ac00d5ee37367b50b06846d11f480d00550997712707f8fdac8c0",
    "src/addons/FS/DropdownReply/_data/admin_permission.xml": "ec6fb97cebf0bceb24f1ed1d5778c1db54eeb7535fbb3e31d824840e7aa9ff87",
    "src/addons/FS/DropdownReply/_data/advertising_positions.xml": "d2f7cbe844bb1df3cf878d22ff6306249245c8ff6b0b87b9b729744bec538261",
    "src/addons/FS/DropdownReply/_data/api_scopes.xml": "6793eaf758f140e8137187ba20e65f4faccf53410433ae3ad7a8b3b38cb6b3b7",
    "src/addons/FS/DropdownReply/_data/bb_codes.xml": "faa4ddd5f4a365e5ac39aebdcbe2d25aedf74e7eb9ea4a812766e2fd5e13bdb1",
    "src/addons/FS/DropdownReply/_data/bb_code_media_sites.xml": "29762987990187b33e43cfb68c08dc917b2d3f0176613d78f8e6c453f82da3f3",
    "src/addons/FS/DropdownReply/_data/class_extensions.xml": "45e0adb83bb9bb445aaf85f644b93345062ed057d6833ddc1c15d41dcb67143b",
    "src/addons/FS/DropdownReply/_data/code_events.xml": "8370dec3df47f91df4cf79da253446ad11b29f4ea568fe76c774e97a0379f0eb",
    "src/addons/FS/DropdownReply/_data/code_event_listeners.xml": "d6b5072f4909dee7a20ee9e44b163f95c8aa52e6ac7f573e292000cd9238c331",
    "src/addons/FS/DropdownReply/_data/content_type_fields.xml": "c7ad5472b28f465b7ac7617627707eba1b7a39d28089460d52e1ed292fc0b06a",
    "src/addons/FS/DropdownReply/_data/cron.xml": "323c4284742ef24329cd6db6f288eb9736d2353f36852e1db12591e1583aea26",
    "src/addons/FS/DropdownReply/_data/help_pages.xml": "a8a0c0b06cdc550438bc8a8d385af3e1e5ab3459877dfb934c1c31be59c89163",
    "src/addons/FS/DropdownReply/_data/member_stats.xml": "89fb2b93ff1eca7a1f6f752248edf6090dfd24037db1446fd18ff7143f08124d",
    "src/addons/FS/DropdownReply/_data/navigation.xml": "f75e1c03a45a360bbdfcd0567121665082315068475d5b0feb8b1acbb1688651",
    "src/addons/FS/DropdownReply/_data/options.xml": "1cea29aa5671733d85c8fc6f7c66128eacbca5643cbb38585eb82002879b51a4",
    "src/addons/FS/DropdownReply/_data/option_groups.xml": "154d7a89664b243d0bd8227c22e241f934bf7e196c83230ee23d3c0c4fba1333",
    "src/addons/FS/DropdownReply/_data/permissions.xml": "7e4fc7d5826733d15ea2d8936b9bdd41afcaad810eb38e50da3c8d8eafda1550",
    "src/addons/FS/DropdownReply/_data/permission_interface_groups.xml": "3177224e96458b829aa7fb24866dda9e0455a4922aee3d669b53f59a1ffdf5d1",
    "src/addons/FS/DropdownReply/_data/phrases.xml": "7f84fec80a36193a9e4d0e29152498f700e1e32ad2d5505e47db2903330ae1da",
    "src/addons/FS/DropdownReply/_data/routes.xml": "0a3ed8a1f6ca1fc19331067075a951fb2f2d5ab41b2eb65aa93805fd31682a34",
    "src/addons/FS/DropdownReply/_data/style_properties.xml": "8b8690a8512f01f219dd2da76e3d0c5f62afc1f317b87794a7331c859c36a7a8",
    "src/addons/FS/DropdownReply/_data/style_property_groups.xml": "68e1879cb3846c42d978487aa8d5145ff3335fc39e58016878824d5cf3fd684c",
    "src/addons/FS/DropdownReply/_data/templates.xml": "9c1327fac58a4368cf23552967eae14fa50ca7dd305a017d65ed5800400bd309",
    "src/addons/FS/DropdownReply/_data/template_modifications.xml": "c546671986a25317ccff7e53933e13da383f55cee19fd0fd7d6fac1f0a1d12e9",
    "src/addons/FS/DropdownReply/_data/widget_definitions.xml": "37e46965256430f24004c2e7f08ba08f9b0d1cbcc4d70e84b3f4e3ffb713e64b",
    "src/addons/FS/DropdownReply/_data/widget_positions.xml": "a29cee66134f6bc5d75ed9df1eef21096c24401915c5b5c774389c3d7bb2d5b3"
}