<?xml version="1.0" encoding="utf-8"?>
<template_modifications>
  <modification type="public" template="PAGE_CONTAINER" modification_key="siropuChatAboveContent" description="Widget position above and below content." execution_order="10" enabled="1" action="preg_replace">
    <find><![CDATA[#<div class="p-body-pageContent">.+?</div>#s]]></find>
    <replace><![CDATA[<xf:widgetpos id="siropu_chat_above_content" context-position="above_content" />
$0
<xf:widgetpos id="siropu_chat_below_content" context-position="below_content" />]]></replace>
  </modification>
  <modification type="public" template="PAGE_CONTAINER" modification_key="siropuChatBelowBreadcrumbs" description="Widget position below breadcrumb." execution_order="10" enabled="1" action="str_replace">
    <find><![CDATA[<xf:ad position="container_breadcrumb_top_below" />]]></find>
    <replace><![CDATA[<xf:widgetpos id="siropu_chat_below_breadcrumb" context-position="below_breadcrumb" />
$0]]></replace>
  </modification>
  <modification type="public" template="PAGE_CONTAINER" modification_key="siropuChatFooter" description="Widget position all pages." execution_order="10" enabled="1" action="str_replace">
    <find><![CDATA[<xf:ad position="container_breadcrumb_bottom_below" />]]></find>
    <replace><![CDATA[$0
<xf:widgetpos id="siropu_chat_all_pages" context-position="all_pages" />]]></replace>
  </modification>
  <modification type="public" template="PAGE_CONTAINER" modification_key="siropuChatNavBadge" description="Add custom CSS class for chat navigation badge." execution_order="10" enabled="1" action="str_replace">
    <find><![CDATA[badge--highlighted]]></find>
    <replace><![CDATA[$0{{ ($navId == 'siropuChat' AND $nav.counter >= 1) ? ' badge--active' : '' }}]]></replace>
  </modification>
  <modification type="public" template="PAGE_CONTAINER" modification_key="siropuChatSidebarBottom" description="Widget position sidebar bottom." execution_order="10" enabled="1" action="preg_replace">
    <find><![CDATA[#(<xf:foreach loop="\$sidebar" value="\$sidebarHtml">.*)(</xf:foreach>)#sU]]></find>
    <replace><![CDATA[$0
<xf:widgetpos id="siropu_chat_sidebar_bottom" context-position="sidebar_bottom" />]]></replace>
  </modification>
  <modification type="public" template="PAGE_CONTAINER" modification_key="siropuChatSidebarTop" description="Widget position sidebar top." execution_order="10" enabled="1" action="preg_replace">
    <find><![CDATA[#(<xf:foreach loop="\$sidebar" value="\$sidebarHtml">.*)(</xf:foreach>)#sU]]></find>
    <replace><![CDATA[<xf:widgetpos id="siropu_chat_sidebar_top" context-position="sidebar_top" />
$0]]></replace>
  </modification>
  <modification type="public" template="PAGE_CONTAINER" modification_key="siropu_chat_page_container_right_navigation" description="Add chat link in the right side navigation." execution_order="10" enabled="1" action="str_replace">
    <find><![CDATA[<xf:if is="$xf.visitor.canSearch()">]]></find>
    <replace><![CDATA[<xf:if is="$xf.options.siropuChatPage AND $xf.options.siropuChatEnableRightNavLinkMobile AND $xf.visitor.canViewSiropuChat() AND !$xf.visitor.isBannedSiropuChat()">
	<a href="{{ link('chat') }}" class="p-navgroup-link p-navgroup-link--chat{{ $xf.options.siropuChatNavUserCount ? ' badgeContainer badgeContainer--highlighted' : '' }}" data-badge="0" aria-label="Chat" title="{{ phrase('siropu_chat') }}"><i class="far fa-comments"></i></a>
</xf:if>
$0]]></replace>
  </modification>
  <modification type="public" template="core.less" modification_key="siropuChatBadge" description="Add custom CSS for chat navigation badge." execution_order="10" enabled="1" action="str_replace">
    <find><![CDATA[{{ include('core_badge.less') }}]]></find>
    <replace><![CDATA[$0
{{ include('siropu_chat_badge.less') }}]]></replace>
  </modification>
  <modification type="public" template="editor.less" modification_key="siropu_chat_editor_less" description="Hide chat upload editor button icon." execution_order="10" enabled="1" action="preg_replace">
    <find><![CDATA[/$/]]></find>
    <replace><![CDATA[$0
button[data-cmd="xfCustom_chat"]
{
	display: none !important;
}]]></replace>
  </modification>
  <modification type="public" template="forum_list" modification_key="siropuChatForumListAboveBelow" description="Widget position above and below forum list." execution_order="10" enabled="1" action="str_replace">
    <find><![CDATA[<xf:macro name="node_list" arg-children="{$nodeTree}" arg-extras="{$nodeExtras}" />]]></find>
    <replace><![CDATA[<xf:widgetpos id="siropu_chat_above_forum_list" context-position="above_forum_list" />
$0
<xf:widgetpos id="siropu_chat_below_forum_list" context-position="below_forum_list" />]]></replace>
  </modification>
  <modification type="public" template="forum_post_thread" modification_key="siropu_chat_forum_post_thread" description="Add room options." execution_order="10" enabled="1" action="preg_replace">
    <find><![CDATA[/<xf:submitrow .+?>/]]></find>
    <replace><![CDATA[<xf:if is="$thread.isInsert() AND $xf.visitor.hasPermission('siropuChat', 'createThreadRoom')">
	<xf:js>
		$(function()
		{
			$('.siropuChatThreadOptions').click(function()
			{
				var roomName = $('input[name="siropu_chat[room_name]"]');

				if (roomName.data('set'))
				{
					return;
				}

				roomName.val($('.js-titleInput').val()).attr('data-set', true);
			});
		});
	</xf:js>
	<h2 class="block-formSectionHeader">
		<span class="collapseTrigger collapseTrigger--block siropuChatThreadOptions" data-xf-click="toggle" data-target="< :up :next">
			<span class="block-formSectionHeader-aligner">{{ phrase('siropu_chat_room_options') }}</span>
		</span>
	</h2>
	<div class="block-body block-body--collapsible">
		<xf:checkboxrow>
			<xf:option name="siropu_chat[room_create]" value="1" label="{{ phrase('siropu_chat_create_room') }}">
				<xf:dependent>
					<xf:textbox name="siropu_chat[room_name]" placeholder="{{ phrase('siropu_chat_room_name') }}" />
					<xf:textbox name="siropu_chat[room_description]" placeholder="{{ phrase('siropu_chat_room_description') }}" style="margin-top: 5px;" />
					<xf:checkbox style="margin-top: 5px;">
						<xf:option name="siropu_chat[room_thread_post]" value="1" label="{{ phrase('siropu_chat_post_chat_messages_in_thread') }}">
							<xf:dependent>
								<xf:checkbox>
									<xf:option name="siropu_chat[room_thread_reply]" value="1" label="{{ phrase('siropu_chat_post_thread_replies_in_room') }}" ></xf:option>
								</xf:checkbox>
							</xf:dependent>
						</xf:option>
						<xf:option label="{{ phrase('siropu_chat_lock_room') }}">
							<xf:dependent>
								<xf:dateinput name="room_lock" placeholder="{{ phrase('until...') }}" />
							</xf:dependent>
						</xf:option>
					</xf:checkbox>
				</xf:dependent>
			</xf:option>
		</xf:checkboxrow>
	</div>
</xf:if>
$0]]></replace>
  </modification>
  <modification type="admin" template="helper_criteria" modification_key="siropu_chat_helper_criteria_user" description="Add chat user criteria." execution_order="10" enabled="1" action="str_replace">
    <find><![CDATA[<!--[XF:user:content_after_messages]-->]]></find>
    <replace><![CDATA[$0
<xf:option name="user_criteria[siropu_chat_messages_posted][rule]" value="siropu_chat_messages_posted" selected="{$criteria.siropu_chat_messages_posted}"
	label="{{ phrase('siropu_chat_user_has_posted_at_least_x_messages:') }}">
	<xf:numberbox name="user_criteria[siropu_chat_messages_posted][data][messages_posted]" value="{$criteria.siropu_chat_messages_posted.messages_posted}"
		size="5" min="0" step="1" />
</xf:option>

<xf:option name="user_criteria[siropu_chat_messages_maximum][rule]" value="siropu_chat_messages_maximum" selected="{$criteria.siropu_chat_messages_maximum}"
	label="{{ phrase('siropu_chat_user_has_posted_no_more_than_x_messages:') }}">
	<xf:numberbox name="user_criteria[siropu_chat_messages_maximum][data][messages_maximum]" value="{$criteria.siropu_chat_messages_maximum.messages_maximum}"
		size="5" min="0" step="1" />
</xf:option>]]></replace>
  </modification>
  <modification type="public" template="helper_js_global" modification_key="siropu_chat_helper_js_global" description="Add the JS popup script." execution_order="10" enabled="1" action="str_replace">
    <find><![CDATA[<!--XF:JS-->]]></find>
    <replace><![CDATA[$0
<xf:if is="$xf.options.siropuChatEnabled AND $xf.visitor.hasPermission('siropuChat', 'viewChat')">
	<script>
		XF.SiropuChatPopup = XF.Click.newHandler({
			eventNameSpace: 'SiropuChatPopup',
			init: function() {},
			click: function(e) {
				e.preventDefault();
				var siropuChatWindowPopup;
				var url = e.target.href ? e.target.href : this.$target.attr('href');
				if (siropuChatWindowPopup === undefined || siropuChatWindowPopup.closed) {
					siropuChatWindowPopup = window.open(url, 'siropuChatWindowPopup', 'width=800,height=500');
				} else {
					siropuChatWindowPopup.focus();
				};
			}
		});
		XF.Click.register('siropu-chat-popup', 'XF.SiropuChatPopup');
	</script>
</xf:if>]]></replace>
  </modification>
  <modification type="public" template="member_macros" modification_key="siropu_chat_member_macros" description="Add start chat button." execution_order="10" enabled="1" action="str_replace">
    <find><![CDATA[<!--[XF:action_groups:middle]-->]]></find>
    <replace><![CDATA[<xf:if is="$xf.options.siropuChatPrivateConversations AND $xf.visitor.canMessageSiropuChatUser($user)">
	<xf:button href="{{ link('chat/conversation/form', $user) }}" class="button--link" overlay="true">{{ phrase('siropu_chat_start_chat') }}</xf:button>
</xf:if>
$0]]></replace>
  </modification>
</template_modifications>
