<?xml version="1.0" encoding="utf-8"?>
<navigation>
  <navigation_entry navigation_id="fs_new_answers" parent_navigation_id="whatsNew" display_order="352" navigation_type_id="basic" enabled="1"><![CDATA[{"link":"{{ link('whats-new\/answers') }}","display_condition":"","extra_attributes":[]}]]></navigation_entry>
  <navigation_entry navigation_id="fs_new_questions" parent_navigation_id="whatsNew" display_order="351" navigation_type_id="basic" enabled="1"><![CDATA[{"link":"{{ link('whats-new\/questions') }}","display_condition":"","extra_attributes":[]}]]></navigation_entry>
  <navigation_entry navigation_id="fs_questionAnswer_nav" display_order="1100" navigation_type_id="node" enabled="1"><![CDATA[{"node_id":11,"with_children":false,"node_title":true,"extra_attributes":[]}]]></navigation_entry>
  <navigation_entry navigation_id="fs_question_answers_contributedQuestions" parent_navigation_id="fs_question_answers_findThreads" display_order="200" navigation_type_id="basic" enabled="1"><![CDATA[{"link":"{{ link('forums\/') }}{$xf.options.fs_questionAnswerForum}&your_answers=1","display_condition":"$xf.visitor.user_id && $xf.reply.containerKey == 'node-'.$xf.options.fs_questionAnswerForum","extra_attributes":[]}]]></navigation_entry>
  <navigation_entry navigation_id="fs_question_answers_findThreads" parent_navigation_id="forums" display_order="300" navigation_type_id="basic" enabled="1"><![CDATA[{"link":"{{ link('forums\/') }}{$xf.options.fs_questionAnswerForum}&your_questions=1","display_condition":"$xf.visitor.user_id && $xf.reply.containerKey == 'node-'.$xf.options.fs_questionAnswerForum","extra_attributes":[]}]]></navigation_entry>
  <navigation_entry navigation_id="fs_question_answers_markForumsRead" parent_navigation_id="forums" display_order="600" navigation_type_id="basic" enabled="1"><![CDATA[{"link":"{{ link('forums\/') }}{$xf.options.fs_questionAnswerForum}\/mark-read&date=$xf.time","display_condition":"$xf.reply.containerKey == 'node-'.$xf.options.fs_questionAnswerForum","extra_attributes":{"data-xf-click":"overlay"}}]]></navigation_entry>
  <navigation_entry navigation_id="fs_question_answers_newPosts" parent_navigation_id="forums" display_order="100" navigation_type_id="basic" enabled="1"><![CDATA[{"link":"{{ link('whats-new\/questions') }}","display_condition":"$xf.reply.containerKey == 'node-'.$xf.options.fs_questionAnswerForum","extra_attributes":[]}]]></navigation_entry>
  <navigation_entry navigation_id="fs_question_answers_searchForums" parent_navigation_id="forums" display_order="500" navigation_type_id="basic" enabled="1"><![CDATA[{"link":"{{ link('search', null, {'type': 'questionAnswer'}) }}","display_condition":"$xf.reply.containerKey == 'node-'.$xf.options.fs_questionAnswerForum","extra_attributes":[]}]]></navigation_entry>
  <navigation_entry navigation_id="fs_question_answers_unanswered" parent_navigation_id="fs_question_answers_findThreads" display_order="300" navigation_type_id="basic" enabled="1"><![CDATA[{"link":"{{ link('forums\/') }}{$xf.options.fs_questionAnswerForum}&unanswered=1","display_condition":"$xf.reply.containerKey == 'node-'.$xf.options.fs_questionAnswerForum","extra_attributes":[]}]]></navigation_entry>
  <navigation_entry navigation_id="fs_question_answers_watchedForums" parent_navigation_id="xfrmWatched" display_order="1" navigation_type_id="basic" enabled="1"><![CDATA[{"link":"{{ link('watched\/forums') }}","display_condition":"$xf.reply.containerKey == 'node-'.$xf.options.fs_questionAnswerForum","extra_attributes":[]}]]></navigation_entry>
  <navigation_entry navigation_id="fs_question_answers_yourThreads" parent_navigation_id="fs_question_answers_findThreads" display_order="100" navigation_type_id="basic" enabled="1"><![CDATA[{"link":"{{ link('forums\/') }}{$xf.options.fs_questionAnswerForum}&your_questions=1","display_condition":"$xf.visitor.user_id && $xf.reply.containerKey == 'node-'.$xf.options.fs_questionAnswerForum","extra_attributes":[]}]]></navigation_entry>
</navigation>
