<?xml version="1.0" encoding="utf-8"?>
<phrases>
  <phrase title="escrow_amount" version_id="1000010" version_string="1.0.0 Alpha"><![CDATA[Escrow Amount]]></phrase>
  <phrase title="escrow_current_amount" version_id="1000010" version_string="1.0.0 Alpha"><![CDATA[Current Balance]]></phrase>
  <phrase title="escrow_title" version_id="1000010" version_string="1.0.0 Alpha"><![CDATA[Escrow Title]]></phrase>
  <phrase title="escrow_total_amount" version_id="1000010" version_string="1.0.0 Alpha"><![CDATA[Total Amount:]]></phrase>
  <phrase title="escrow_user" version_id="1000010" version_string="1.0.0 Alpha"><![CDATA[User]]></phrase>
  <phrase title="fs_add_escrow" version_id="1000010" version_string="1.0.0 Alpha"><![CDATA[Start Escrow]]></phrase>
  <phrase title="fs_escrow" version_id="1000010" version_string="1.0.0 Alpha"><![CDATA[Escrow]]></phrase>
  <phrase title="fs_escrow_add" version_id="1000010" version_string="1.0.0 Alpha"><![CDATA[Start Escrow]]></phrase>
  <phrase title="fs_escrow_amount" version_id="1000010" version_string="1.0.0 Alpha"><![CDATA[Amount]]></phrase>
  <phrase title="fs_escrow_amount_deposit" version_id="1000010" version_string="1.0.0 Alpha"><![CDATA[Deposit]]></phrase>
  <phrase title="fs_escrow_deposit" version_id="1000010" version_string="1.0.0 Alpha"><![CDATA[Deposit amount]]></phrase>
  <phrase title="fs_escrow_rules" version_id="1000010" version_string="1.0.0 Alpha"><![CDATA[<ol>
	<li>Lorem Ipsum is simply dummy text of the printing and typesetting industry.
	<li>Lorem Ipsum is simply dummy text of the printing and typesetting industry.</li>
	<li>Lorem Ipsum is simply dummy text of the printing and typesetting industry.</li>
        <li>Lorem Ipsum is simply dummy text of the printing and typesetting industry.
	<li>Lorem Ipsum is simply dummy text of the printing and typesetting industry.</li>
	<li>Lorem Ipsum is simply dummy text of the printing and typesetting industry.</li>
</ol>]]></phrase>
  <phrase title="fs_escrow_rules_heading" version_id="1000010" version_string="1.0.0 Alpha"><![CDATA[<h3>Escrow Rules</h3>]]></phrase>
  <phrase title="nav.fs_escrow" version_id="1000010" version_string="1.0.0 Alpha"><![CDATA[Escrow]]></phrase>
  <phrase title="nav.fs_escrow_add" version_id="1000010" version_string="1.0.0 Alpha"><![CDATA[Start Escrow]]></phrase>
</phrases>
