<?xml version="1.0" encoding="utf-8"?>
<template_modifications>
  <modification type="public" template="account_visitor_menu" modification_key="add_deposit_button" description="add_deposit_button" execution_order="10" enabled="1" action="str_replace">
    <find><![CDATA[<li><a href="{{ link('account/ignored') }}" class="menu-linkRow">{{ phrase('ignoring') }}</a></li>]]></find>
    <replace><![CDATA[$0
<li><a href="{{ link('escrow/deposit') }}" class="menu-linkRow">{{ phrase('fs_escrow_amount_deposit') }}</a></li>]]></replace>
  </modification>
  <modification type="public" template="account_wrapper" modification_key="add_deposit_button_profile_section" description="add_deposit_button_profile_section" execution_order="10" enabled="1" action="preg_replace">
    <find><![CDATA[/<a class="blockLink {{ \$pageSelected == 'privacy' \? 'is-selected' : '' }}" href="{{ link\('account\/privacy'\) }}">.*?<\/a>/is]]></find>
    <replace><![CDATA[$0
<a class="blockLink {{ $pageSelected == 'deposit' ? 'is-selected' : '' }}" href="{{ link('escrow/deposit') }}">
					{{ phrase('fs_escrow_amount_deposit') }}
</a>]]></replace>
  </modification>
</template_modifications>
