<?xml version="1.0" encoding="utf-8"?>
<templates>
  <template type="public" title="fs_escrow_addEdit" version_id="1000010" version_string="1.0.0 Alpha"><![CDATA[<xf:title>{{ phrase('fs_add_escrow') }}</xf:title>
<xf:form action="{{ link('auction/categories/bidding', $auction) }}" ajax="true" class="block" data-xf-init="attachment-manager">
	
	<div class="block-container">
		<div class="block-body">
	<!--		<xf:formrow label="{{ phrase('escrow_currency_type') }}">
				<div class="inputChoices">
					<xf:radio name="currency_type">
						<xf:option label="{{ phrase('currency_type_xmr') }}" value="xmr">
						</xf:option>
						<xf:option label="{{ phrase('currency_type_btc') }}" value="btc">
						</xf:option>
					</xf:radio>
				</div>
		</xf:formrow> -->
			<xf:textboxrow name="escrow_amount" value=""   label="{{ phrase('escrow_title') }}" />
				
			
			<xf:macro name="description"
					  arg-description="{$category.draft_resource.message}"
					  arg-attachmentData="{$attachmentData}"
					  arg-previewUrl="{{ link('resources/categories/preview', $category) }}" />
			<xf:formrow>
					<xf:macro template="helper_attach_upload" name="upload_block" arg-attachmentData="{$attachmentData}" />
				
			</xf:formrow>
			
			<xf:numberboxrow name="escrow_amount" value="" explain="{{ phrase('escrow_total_amount') }}" min="0" label="{{ phrase('escrow_amount') }}" />
			
			<xf:textboxrow name="starter" value="{{ $starterFilter ? $starterFilter.username : '' }}" label="{{ phrase('escrow_user') }}" ac="single"
				maxlength="{{ max_length($xf.visitor, 'username') }}" id="ctrl_started_by" />
			
	
	<xf:submitrow icon="save" sticky="true" />
		</div>
	</div>
</xf:form>


<xf:macro name="description" arg-description="" arg-attachmentData="{{ [] }}" arg-previewUrl="">
	<div data-xf-init="attachment-manager">
		<xf:editorrow name="description" value="{$description}" data-min-height="200"
					  attachments="{$attachmentData.attachments}"
					  label="{{ phrase('description') }}"
					  data-preview-url="{$previewUrl}" />

		<xf:formrow>
			<xf:if is="$attachmentData">
				<xf:macro template="helper_attach_upload" name="upload_block" arg-attachmentData="{$attachmentData}" />
			</xf:if>
		</xf:formrow>
	</div>
</xf:macro>]]></template>
  <template type="public" title="fs_escrow_deposit" version_id="1000010" version_string="1.0.0 Alpha"><![CDATA[<xf:title> {{ phrase('fs_escrow_deposit') }} </xf:title>

<xf:wrap template="account_wrapper" />

<xf:form
  action="{{ link('escrow/save') }}"
  ajax="true"
  class="block"
  data-force-flash-message="true"
>
  <div class="block-container">
    <div class="block-body">
      <xf:numberboxrow name="deposit_amount" value="" explain="{{ phrase('escrow_current_amount') }}" min="0" label="{{ phrase('fs_escrow_amount') }}" />

    </div>
    <xf:submitrow submit="" icon="save" />
  </div>
</xf:form>]]></template>
  <template type="public" title="fs_escrow_landing" version_id="1000010" version_string="1.0.0 Alpha"><![CDATA[<xf:title page="{$page}">{{ phrase('fs_escrow') }}</xf:title>
<div class="block-container">
    <div class="block-body">
		<xf:macro template="notice_macros" name="notice_list" arg-type="block" arg-notices="{$rules}" />
		<xf:pageaction>
			 <xf:button
				href="{{ link('escrow/add') }}"
				class="button--cta"
				icon="write"
				>{{ phrase('fs_escrow_add') }}</xf:button>
		</xf:pageaction>
    
    </div>
 </div>]]></template>
</templates>
