<?xml version="1.0" encoding="utf-8"?>
<phrases>
  <phrase title="ASK_BMFBOT" version_id="1000010" version_string="1.0.0 Alpha"><![CDATA[Ask BMFBOT]]></phrase>
  <phrase title="MARKETPLACE" version_id="1000010" version_string="1.0.0 Alpha"><![CDATA[Market place]]></phrase>
  <phrase title="POST_THREADS" version_id="1000010" version_string="1.0.0 Alpha"><![CDATA[POST REPLIES]]></phrase>
  <phrase title="about_beermoneyforum" version_id="1000010" version_string="1.0.0 Alpha"><![CDATA[About BeerMoneyForum.com]]></phrase>
  <phrase title="ask_bmfbot" version_id="1000010" version_string="1.0.0 Alpha"><![CDATA[Ask BMFBOT]]></phrase>
  <phrase title="beer_forum_com" version_id="1000010" version_string="1.0.0 Alpha"><![CDATA[BeerMoneyForum.com]]></phrase>
  <phrase title="daily_login" version_id="1000010" version_string="1.0.0 Alpha"><![CDATA[Daily Login]]></phrase>
  <phrase title="founder" version_id="1000010" version_string="1.0.0 Alpha"><![CDATA[Founder of  ]]></phrase>
  <phrase title="free_promo" version_id="1000010" version_string="1.0.0 Alpha"><![CDATA[Free Promo]]></phrase>
  <phrase title="help_each_other" version_id="1000010" version_string="1.0.0 Alpha"><![CDATA[We help each other,]]></phrase>
  <phrase title="how_it" version_id="1000010" version_string="1.0.0 Alpha"><![CDATA[How it ]]></phrase>
  <phrase title="invite_friends" version_id="1000010" version_string="1.0.0 Alpha"><![CDATA[INVITE FRIENDS]]></phrase>
  <phrase title="join_members" version_id="1010010" version_string="1.1.0 Alpha"><![CDATA[Join +300,000 members<br> that help each other <br>to make money online]]></phrase>
  <phrase title="join_now" version_id="1000010" version_string="1.0.0 Alpha"><![CDATA[Join Now!]]></phrase>
  <phrase title="make_money_online" version_id="1000010" version_string="1.0.0 Alpha"><![CDATA[We help each other to make money online. Get a beer and register with us, learn how we make a full-<br>
 time income working from home like a boss.]]></phrase>
  <phrase title="name_daniel" version_id="1000010" version_string="1.0.0 Alpha"><![CDATA[ Mr. B aka I. C. Daniel]]></phrase>
  <phrase title="our_story" version_id="1000010" version_string="1.0.0 Alpha"><![CDATA[Our Story]]></phrase>
  <phrase title="our_story_text1" version_id="1000010" version_string="1.0.0 Alpha"><![CDATA[BMF is a 9+ years old community founded back in 2014 with ≈ 300,000 members that talk about starting your own business online, cryptocurrency, ways to make money from home, gambling, 							affiliate marketing, finance etc. <br>]]></phrase>
  <phrase title="our_story_text2" version_id="1000010" version_string="1.0.0 Alpha"><![CDATA[We have reviewed hundreds of thousands of companies and before you join them you must read genuine reviews from BMF users. You can use BMF platform to inform, remind, build trust, drive organic traffic and new clients to your online business. ]]></phrase>
  <phrase title="post_replies" version_id="1000010" version_string="1.0.0 Alpha"><![CDATA[Post Replies]]></phrase>
  <phrase title="post_threads" version_id="1000010" version_string="1.0.0 Alpha"><![CDATA[Post Threads]]></phrase>
  <phrase title="promo_codes" version_id="1000010" version_string="1.0.0 Alpha"><![CDATA[Promo Codes]]></phrase>
  <phrase title="referral_program" version_id="1000010" version_string="1.0.0 Alpha"><![CDATA[Referral Program]]></phrase>
  <phrase title="report_spam" version_id="1000010" version_string="1.0.0 Alpha"><![CDATA[Report Spam]]></phrase>
  <phrase title="rewards_program" version_id="1000010" version_string="1.0.0 Alpha"><![CDATA[Rewards Program]]></phrase>
  <phrase title="to_make_money" version_id="1000010" version_string="1.0.0 Alpha"><![CDATA[to make money online]]></phrase>
  <phrase title="ways_to_cashout" version_id="1000010" version_string="1.0.0 Alpha"><![CDATA[WAYS TO CASHOUT?]]></phrase>
  <phrase title="ways_to_earn" version_id="1000010" version_string="1.0.0 Alpha"><![CDATA[Ways to earn money]]></phrase>
  <phrase title="withdraw_your_points" version_id="1000010" version_string="1.0.0 Alpha"><![CDATA[Withdraw Your Points<br>There are multiple ways to cashout your points.<br> Visit our shop and redeem your points for real cash.]]></phrase>
</phrases>
