{
    "src/addons/FS/BunnyIntegration/addon.json": "47671fc7b87ca49c5d5f422d29c28447cf5eee1f5fbb6786abb02333a5dacbd8",
    "src/addons/FS/BunnyIntegration/composer.json": "1f2c78939b3e75325369244b71734eff96f1cfaa7c28b2160243824cda8e1fcd",
    "src/addons/FS/BunnyIntegration/composer.lock": "e1761168cadfb8632905b957739781662f8939dc723b536131fa23d0061a04ab",
    "src/addons/FS/BunnyIntegration/Setup.php": "4bb2ef35c5460b01ca703aef5355f864d3cf5ae1e16aba3ef9070be5b15e2d69",
    "src/addons/FS/BunnyIntegration/vendor/autoload.php": "a9b8d232f98cadd35bb563fdaf12b5c04622245d0b01c4b93f093e1f664245d5",
    "src/addons/FS/BunnyIntegration/vendor/composer/autoload_classmap.php": "894fbd23013969829316a4c244401c65355ee4d48440f2d533fb517c693b717d",
    "src/addons/FS/BunnyIntegration/vendor/composer/autoload_namespaces.php": "6d1b582b311799934568f00d45e01de7a04f8a1865a8a72c7841904ad4dac3a7",
    "src/addons/FS/BunnyIntegration/vendor/composer/autoload_psr4.php": "f537f0d1afe0adad94ebe0335703273c5728813e0c1438b1dfb55deb7e097fbd",
    "src/addons/FS/BunnyIntegration/vendor/composer/autoload_real.php": "3c4868bbe557b4c82ac590bbe0929ec1a931b31183b710054b0958d8fc476a37",
    "src/addons/FS/BunnyIntegration/vendor/composer/autoload_static.php": "93bff97a4d2cc85d12cc173346c8bfb1b8938ef06bdeb0f55ff8abb200383435",
    "src/addons/FS/BunnyIntegration/vendor/composer/ClassLoader.php": "e4fc4d4487a4d766d3ef14606fa0d8ff09dd7f3f0885425803d7aa7fc68e2c3d",
    "src/addons/FS/BunnyIntegration/vendor/composer/installed.json": "ccf4895946ba4c0d70c47c618c3a550f4f36fa9b02ffdb09f873b646dce4a5b1",
    "src/addons/FS/BunnyIntegration/vendor/composer/LICENSE": "7855ac293067aebe7e51afdd23b9dea54b8be24187dbecc9b9142581c37f596c",
    "src/addons/FS/BunnyIntegration/vendor/corbpie/bunny-cdn-api/composer.json": "0670a01b080f22d7f970a6fe602e031ed0f84646ea17ce00b7544a57a4ef0d02",
    "src/addons/FS/BunnyIntegration/vendor/corbpie/bunny-cdn-api/example.php": "54df86a8571e3338c49343b265f73aa1497124d704a1b695ae272d9294389f62",
    "src/addons/FS/BunnyIntegration/vendor/corbpie/bunny-cdn-api/README.md": "6a482365d01a55caf453ae3eb0f2f008ebec65512e9eab575250fe465f1ae4af",
    "src/addons/FS/BunnyIntegration/vendor/corbpie/bunny-cdn-api/src/BunnyAPI.php": "e152e356a3c023758e2dd19cc69f84101ee06f316bc28619967c6872ba961cac",
    "src/addons/FS/BunnyIntegration/XF/Entity/Thread.php": "f95c91f90eb2f0e5d753aeb00fbd8c984a463385520fdfde309023045e034caa",
    "src/addons/FS/BunnyIntegration/XF/Pub/Controller/Forum.php": "2e5b7479a69492addfa058d3c0fb804a70778f13e1d9faf8472906202a600b25",
    "src/addons/FS/BunnyIntegration/XF/Service/BunnyServ.php": "8caa8d1a5038184dc327eccb2de556cfab6d8541d69d7911df939c8f21df9abb",
    "src/addons/FS/BunnyIntegration/_data/activity_summary_definitions.xml": "99d8c2563a31320d66f958fc8bda78613545f5f7959bb3cf5318805e3a3c39d2",
    "src/addons/FS/BunnyIntegration/_data/admin_navigation.xml": "064ec797484ac00d5ee37367b50b06846d11f480d00550997712707f8fdac8c0",
    "src/addons/FS/BunnyIntegration/_data/admin_permission.xml": "ec6fb97cebf0bceb24f1ed1d5778c1db54eeb7535fbb3e31d824840e7aa9ff87",
    "src/addons/FS/BunnyIntegration/_data/advertising_positions.xml": "d2f7cbe844bb1df3cf878d22ff6306249245c8ff6b0b87b9b729744bec538261",
    "src/addons/FS/BunnyIntegration/_data/api_scopes.xml": "6793eaf758f140e8137187ba20e65f4faccf53410433ae3ad7a8b3b38cb6b3b7",
    "src/addons/FS/BunnyIntegration/_data/bb_codes.xml": "9c162f8017ca90e687ade225fca74deb422adf927b89cf59f87deb4fb28ff4a6",
    "src/addons/FS/BunnyIntegration/_data/bb_code_media_sites.xml": "29762987990187b33e43cfb68c08dc917b2d3f0176613d78f8e6c453f82da3f3",
    "src/addons/FS/BunnyIntegration/_data/class_extensions.xml": "e868baf16d7e1839e5638da74df4b4b4a2cd8faf8e8db8989d56052180b1c13b",
    "src/addons/FS/BunnyIntegration/_data/code_events.xml": "8370dec3df47f91df4cf79da253446ad11b29f4ea568fe76c774e97a0379f0eb",
    "src/addons/FS/BunnyIntegration/_data/code_event_listeners.xml": "d6b5072f4909dee7a20ee9e44b163f95c8aa52e6ac7f573e292000cd9238c331",
    "src/addons/FS/BunnyIntegration/_data/content_type_fields.xml": "c7ad5472b28f465b7ac7617627707eba1b7a39d28089460d52e1ed292fc0b06a",
    "src/addons/FS/BunnyIntegration/_data/cron.xml": "323c4284742ef24329cd6db6f288eb9736d2353f36852e1db12591e1583aea26",
    "src/addons/FS/BunnyIntegration/_data/help_pages.xml": "a8a0c0b06cdc550438bc8a8d385af3e1e5ab3459877dfb934c1c31be59c89163",
    "src/addons/FS/BunnyIntegration/_data/member_stats.xml": "89fb2b93ff1eca7a1f6f752248edf6090dfd24037db1446fd18ff7143f08124d",
    "src/addons/FS/BunnyIntegration/_data/navigation.xml": "f75e1c03a45a360bbdfcd0567121665082315068475d5b0feb8b1acbb1688651",
    "src/addons/FS/BunnyIntegration/_data/options.xml": "f5d8d90eeabc3d534b2a4f6115be82d498acc788f357b5b31809f8669cfb8015",
    "src/addons/FS/BunnyIntegration/_data/option_groups.xml": "7d01ec61ecc40f5521ad063ff7b7648812d00b077b6ba5b9e23ce1e789c61478",
    "src/addons/FS/BunnyIntegration/_data/permissions.xml": "7e4fc7d5826733d15ea2d8936b9bdd41afcaad810eb38e50da3c8d8eafda1550",
    "src/addons/FS/BunnyIntegration/_data/permission_interface_groups.xml": "3177224e96458b829aa7fb24866dda9e0455a4922aee3d669b53f59a1ffdf5d1",
    "src/addons/FS/BunnyIntegration/_data/phrases.xml": "5f8883f84d19782351c865c80a9873f28f425066c4a1b0650aeeafc1667a6a8a",
    "src/addons/FS/BunnyIntegration/_data/routes.xml": "550fa64f9feedf137dd877b38c2684f94474619d2d83890dbb717a91b50da8f5",
    "src/addons/FS/BunnyIntegration/_data/style_properties.xml": "8b8690a8512f01f219dd2da76e3d0c5f62afc1f317b87794a7331c859c36a7a8",
    "src/addons/FS/BunnyIntegration/_data/style_property_groups.xml": "68e1879cb3846c42d978487aa8d5145ff3335fc39e58016878824d5cf3fd684c",
    "src/addons/FS/BunnyIntegration/_data/templates.xml": "95d4b078b90e74e773cef6695ef94c742e74b8d62e6798738f11f0215a58faee",
    "src/addons/FS/BunnyIntegration/_data/template_modifications.xml": "3b54b7df00a6a4a18c5e012b6e2588e35c23aaa13a5fc227f08646a97590d778",
    "src/addons/FS/BunnyIntegration/_data/widget_definitions.xml": "37e46965256430f24004c2e7f08ba08f9b0d1cbcc4d70e84b3f4e3ffb713e64b",
    "src/addons/FS/BunnyIntegration/_data/widget_positions.xml": "a29cee66134f6bc5d75ed9df1eef21096c24401915c5b5c774389c3d7bb2d5b3"
}