<?xml version="1.0" encoding="utf-8"?>
<options>
  <option option_id="auction_TimeZone" edit_format="textbox" data_type="string">
    <default_value>Mountain Timezone
Mountain Timezone1</default_value>
    <edit_format_params>rows=3</edit_format_params>
    <relation group_id="auction" display_order="1"/>
  </option>
  <option option_id="auction_thread_prefix_id" edit_format="textbox" data_type="integer">
    <default_value>0</default_value>
    <relation group_id="auction" display_order="1"/>
  </option>
  <option option_id="fs_auction_ImageExtensions" edit_format="textbox" data_type="string">
    <default_value>png
jpg
jpeg
jpe
gif</default_value>
    <edit_format_params>rows=3</edit_format_params>
    <relation group_id="auction" display_order="1"/>
  </option>
  <option option_id="fs_auction_list_layout" edit_format="radio" data_type="string">
    <default_value>list_view</default_value>
    <edit_format_params>list_view={{ phrase('fs_auction_list_view_layout') }}
grid_view={{ phrase('fs_auction_grid_view_layout') }}</edit_format_params>
    <relation group_id="auction" display_order="1"/>
  </option>
  <option option_id="minimumBidIncreament" edit_format="textbox" data_type="string">
    <default_value>5
10
15</default_value>
    <edit_format_params>rows=3</edit_format_params>
    <relation group_id="auction" display_order="1"/>
  </option>
  <option option_id="paymentOptions" edit_format="textbox" data_type="string">
    <default_value></default_value>
    <edit_format_params>rows=3</edit_format_params>
    <relation group_id="auction" display_order="1"/>
  </option>
</options>
