<?xml version="1.0" encoding="utf-8"?>
<phrases>
  <phrase title="admin_navigation.fsAuctionPlugin" version_id="1000010" version_string="1.0.0 Alpha"><![CDATA[Auction Ship Methods]]></phrase>
  <phrase title="admin_navigation.fsAuctionShippingTerms" version_id="1000010" version_string="1.0.0 Alpha"><![CDATA[Add Shipping Terms]]></phrase>
  <phrase title="admin_navigation.fsAuctionShipsVia" version_id="1000010" version_string="1.0.0 Alpha"><![CDATA[Add Ships Via]]></phrase>
  <phrase title="auctionPostThread" version_id="1000010" version_string="1.0.0 Alpha"><![CDATA[Post Thread]]></phrase>
  <phrase title="auction_bid_explain" version_id="1000010" version_string="1.0.0 Alpha"><![CDATA[Must be in whole US dollars only. Do not put $. It will automatically be added when saved.]]></phrase>
  <phrase title="auction_bumpingRule_explain" version_id="1000010" version_string="1.0.0 Alpha"><![CDATA[<ol>
	<li>You can bump your auction <strong>ONCE</strong> per day and <b>TWICE</b> on the day it ends.</li>
	<li>This excludes answering direct questions regarding the item, payment, and shipping terms.</li>
		<li>Failure to abide by these rules can result in the loss of using the Auctions and Classifieds.</li>
</ol>]]></phrase>
  <phrase title="auction_endDate" version_id="1000010" version_string="1.0.0 Alpha"><![CDATA[AUCTION ENDS ON]]></phrase>
  <phrase title="auction_endDate_explain" version_id="1000010" version_string="1.0.0 Alpha"><![CDATA[Choose a date.2 to 5 days is the most used range with 3 days being the most common.]]></phrase>
  <phrase title="auction_guidlines_explain" version_id="1000010" version_string="1.0.0 Alpha"><![CDATA[<ol>
	<li>The highest bid at the closing time listed above will win. If there is a bid within 5 minutes of the closing time (original or extended closing time), 5 minutes shall be added to the time of the last bid, until there are no bids within the final 5 minutes. Because seconds are not displayed on post timestamps, <a href="#"><b>these examples</b></a> will be used as a reference.</li>
	<li>No Reserve. The Starting Bid of this auction will be treated as the Reserve Price.</li>
		<li>Bids must be placed in whole US dollars, using numbers in minimum increments as stated above. (bids using images or spelled out numbers are not valid)</li>
		<li>All bids are to be placed openly in this thread. No bids via Private Message/Convo. Sellers are not permitted to bid on their own auctions.</li>
		<li>The seller reserves the right to edit the listing to clarify statements or correct any errors.</li>
<li>Once a valid bid is made, the auction can not be canceled. Bid edits and/or retractions are not permitted. Violations of this rule will result in discipline at the discretion of PC Admins and/or Moderators.
</li>
<li>PCF (its Owner, Admins, and Moderators) are not responsible for any actions or outcomes that take place in this auction.</li>
</ol>]]></phrase>
  <phrase title="auction_payment_explain" version_id="1000010" version_string="1.0.0 Alpha"><![CDATA[Chose which forms of payment you accept.]]></phrase>
  <phrase title="auction_required" version_id="1000010" version_string="1.0.0 Alpha"><![CDATA[Required]]></phrase>
  <phrase title="auction_shippingTerms_explain" version_id="1000010" version_string="1.0.0 Alpha"><![CDATA[Chose your shipping terms.]]></phrase>
  <phrase title="auction_shippingVia_explain" version_id="1000010" version_string="1.0.0 Alpha"><![CDATA[Choose the shipping service you will use.]]></phrase>
  <phrase title="auction_timeZone_explain" version_id="1000010" version_string="1.0.0 Alpha"><![CDATA[All auction closing times will use the Eastern Time Zone.]]></phrase>
  <phrase title="auction_time_zone" version_id="1000010" version_string="1.0.0 Alpha"><![CDATA[AUCTION ENDS AT]]></phrase>
  <phrase title="auctionsOptions" version_id="1000010" version_string="1.0.0 Alpha"><![CDATA[Options]]></phrase>
  <phrase title="bid_increments" version_id="1000010" version_string="1.0.0 Alpha"><![CDATA[MINIMUM BID INCREMENT]]></phrase>
  <phrase title="bumpingRule" version_id="1000010" version_string="1.0.0 Alpha"><![CDATA[Auction Bumping Rules]]></phrase>
  <phrase title="bumpingRule_statement" version_id="1000010" version_string="1.0.0 Alpha"><![CDATA[I have read and accept the auction bumping rules.]]></phrase>
  <phrase title="fs_add_auction" version_id="1000010" version_string="1.0.0 Alpha"><![CDATA[Add Term]]></phrase>
  <phrase title="fs_add_auction_add" version_id="1000010" version_string="1.0.0 Alpha"><![CDATA[Add Via]]></phrase>
  <phrase title="fs_auction_term_label" version_id="1000010" version_string="1.0.0 Alpha"><![CDATA[Shipping Term]]></phrase>
  <phrase title="fs_auction_via_label" version_id="1000010" version_string="1.0.0 Alpha"><![CDATA[Ship Via]]></phrase>
  <phrase title="fs_cell_ship_via" version_id="1000010" version_string="1.0.0 Alpha"><![CDATA[Ships Via]]></phrase>
  <phrase title="fs_cell_shipping_terms" version_id="1000010" version_string="1.0.0 Alpha"><![CDATA[Shipping Terms]]></phrase>
  <phrase title="fs_edit_auction" version_id="1000010" version_string="1.0.0 Alpha"><![CDATA[Edit Term]]></phrase>
  <phrase title="fs_edit_auction_via" version_id="1000010" version_string="1.0.0 Alpha"><![CDATA[Edit Via]]></phrase>
  <phrase title="fs_filled_reqired_fields_auction" version_id="1000010" version_string="1.0.0 Alpha"><![CDATA[Fill require fields ...!]]></phrase>
  <phrase title="fs_title_auction" version_id="1000010" version_string="1.0.0 Alpha"><![CDATA[Add Shipping Terms]]></phrase>
  <phrase title="fs_title_auction_via" version_id="1000010" version_string="1.0.0 Alpha"><![CDATA[Add Ships Via]]></phrase>
  <phrase title="guidlines" version_id="1000010" version_string="1.0.0 Alpha"><![CDATA[AUCTION GUIDLINES]]></phrase>
  <phrase title="guidlines_statement" version_id="1000010" version_string="1.0.0 Alpha"><![CDATA[These are the Auction Guidelines. Please read carefully.]]></phrase>
  <phrase title="option.auction_TimeZone" version_id="1000100" version_string="1.0.1 Alpha"><![CDATA[Auction Timezone]]></phrase>
  <phrase title="option.minimumBidIncreament" version_id="1000100" version_string="1.0.1 Alpha"><![CDATA[Minimum Bid Increament]]></phrase>
  <phrase title="option_explain.auction_TimeZone" version_id="1000100" version_string="1.0.1 Alpha"><![CDATA[Auction Timezone]]></phrase>
  <phrase title="option_explain.minimumBidIncreament" version_id="1000100" version_string="1.0.1 Alpha"><![CDATA[Bid increament options...!]]></phrase>
  <phrase title="option_group.auction" version_id="1000010" version_string="1.0.0 Alpha"><![CDATA[[FS] Auction]]></phrase>
  <phrase title="option_group_description.auction" version_id="1000010" version_string="1.0.0 Alpha"><![CDATA[[FS] Auction Plugin]]></phrase>
  <phrase title="payment_methods" version_id="1000010" version_string="1.0.0 Alpha"><![CDATA[PAYMENTS ACCEPTED]]></phrase>
  <phrase title="receiveEmailNotification" version_id="1000010" version_string="1.0.0 Alpha"><![CDATA[and receive email notifications]]></phrase>
  <phrase title="shippingTerms" version_id="1000010" version_string="1.0.0 Alpha"><![CDATA[SHIPPING TERMS]]></phrase>
  <phrase title="shippingVia" version_id="1000010" version_string="1.0.0 Alpha"><![CDATA[SHIPS VIA]]></phrase>
  <phrase title="starting_bid" version_id="1000010" version_string="1.0.0 Alpha"><![CDATA[STARTING BID]]></phrase>
  <phrase title="watchThisThread" version_id="1000010" version_string="1.0.0 Alpha"><![CDATA[Watch this thread...]]></phrase>
</phrases>
