<?xml version="1.0" encoding="utf-8"?>
<template_modifications>
  <modification type="public" template="z61_classifieds_add_listing_chooser" modification_key="z61_classifieds_add_listing_chooser_to_auction" description="z61_classifieds_add_listing_chooser_to_auction" execution_order="10" enabled="1" action="str_replace">
    <find><![CDATA[<h2 class="contentRow-title">
					<a href="{{ link('classifieds/categories/add', $category) }}" class="fauxBlockLink-blockLink">
						{$category.title}
					</a>
				</h2>]]></find>
    <replace><![CDATA[$0
<h2 class="contentRow-title">
					<a href="{{ link('classifieds/auction/add', $category) }}" class="fauxBlockLink-blockLink">
						{$category.title}
					</a>
				</h2>]]></replace>
  </modification>
</template_modifications>
