<?xml version="1.0" encoding="utf-8"?>
<templates>
  <template type="admin" title="fs_auction_shipping_term_add_edit" version_id="1000010" version_string="1.0.0 Alpha"><![CDATA[<xf:title>
  <xf:if is="$data.term_id"> {{ phrase('fs_edit_auction') }}
  <xf:else /> {{ phrase('fs_add_auction') }} </xf:if>
</xf:title>
<xf:form
  action="{{ link('ship-terms/save', $data) }}"
  ajax="true"
  class="block"
  data-force-flash-message="true"
>
  <div class="block-container">
    <div class="block-body">
      <xf:textboxrow
        name="shipping_term"
        value="{$data.shipping_term}"
        label="{{ phrase('fs_auction_term_label') }}"
        autosize="true"
      />
    </div>
    <xf:submitrow submit="" icon="save" />
  </div>
</xf:form>]]></template>
  <template type="admin" title="fs_auction_shipping_term_index" version_id="1000010" version_string="1.0.0 Alpha"><![CDATA[<xf:title>{{ phrase('fs_title_auction') }}</xf:title>

<xf:pageaction>
  <xf:button href="{{ link('ship-terms/add') }}" icon="add">{{ phrase('fs_add_auction') }}</xf:button>
</xf:pageaction>
<xf:form action="{{ link($prefix . '/toggle') }}" class="block" ajax="true">
  <div class="block-outer">
		<xf:macro
		  template="filter_macros"
		  name="quick_filter"
		  arg-key="ship-terms"
		  arg-class="block-outer-opposite"
		/>
  </div>

  <div class="block-container">

  <xf:if is="$data is not empty">
	<div class="block-body">
			<xf:datalist data-xf-init="responsive-data-list">
					
				<xf:macro
					name="table_list"
					arg-data="{$data}"
				  />


				   </xf:datalist>
				<div class="block-footer">
					  <span class="block-footer-counter"
						>{{ display_totals($totalReturn, $total) }}</span
					  >
				</div>
		    
		</div>
       <xf:else />
			<div class="block-body block-row">{{ phrase('no_items_have_been_created_yet') }}</div>
		
       </xf:if>
    
 </div>


   <xf:pagenav
			page="{$page}"
			perpage="{$perPage}"
			total="{$total}"
			link="ship-terms"
			wrapperclass="block"
		  />
</xf:form>
<xf:macro
  name="table_list"
  arg-data="{$data}"
>
  <xf:datarow rowtype="header">
    <xf:cell> {{ phrase('fs_cell_shipping_terms') }} </xf:cell>
    <xf:cell class="dataList-cell--min"></xf:cell>
	 <xf:cell class="dataList-cell--min"></xf:cell>
  </xf:datarow>
  <xf:foreach loop="{$data}" value="$value">
    <xf:datarow>
		
          <xf:cell> {$value.shipping_term} </xf:cell>
		
	<xf:action href="{{ link('ship-terms/edit', $value) }}" >{{ phrase('edit') }}</xf:action>
      <xf:delete
        href="{{ link('ship-terms/delete', $value) }}"
        overlay="true"
      />
    </xf:datarow>
  </xf:foreach>
</xf:macro>]]></template>
  <template type="admin" title="fs_auction_ships_via_add_edit" version_id="1000010" version_string="1.0.0 Alpha"><![CDATA[<xf:title>
  <xf:if is="$data.ship_via"> {{ phrase('fs_edit_auction_via') }}
  <xf:else /> {{ phrase('fs_add_auction_add') }} </xf:if>
</xf:title>
<xf:form
  action="{{ link('ship-via/save', $data) }}"
  ajax="true"
  class="block"
  data-force-flash-message="true"
>
  <div class="block-container">
    <div class="block-body">
      <xf:textboxrow
        name="ship_via"
        value="{$data.ship_via}"
        label="{{ phrase('fs_auction_via_label') }}"
        autosize="true"
      />
    </div>
    <xf:submitrow submit="" icon="save" />
  </div>
</xf:form>]]></template>
  <template type="admin" title="fs_auction_ships_via_index" version_id="1000010" version_string="1.0.0 Alpha"><![CDATA[<xf:title>{{ phrase('fs_title_auction_via') }}</xf:title>

<xf:pageaction>
  <xf:button href="{{ link('ship-via/add') }}" icon="add">{{ phrase('fs_add_auction_add') }}</xf:button>
</xf:pageaction>
<xf:form action="{{ link($prefix . '/toggle') }}" class="block" ajax="true">
  <div class="block-outer">
		<xf:macro
		  template="filter_macros"
		  name="quick_filter"
		  arg-key="ship-via"
		  arg-class="block-outer-opposite"
		/>
  </div>

  <div class="block-container">

  <xf:if is="$data is not empty">
	<div class="block-body">
			<xf:datalist data-xf-init="responsive-data-list">
					
				<xf:macro
					name="table_list"
					arg-data="{$data}"
				  />


				   </xf:datalist>
				<div class="block-footer">
					  <span class="block-footer-counter"
						>{{ display_totals($totalReturn, $total) }}</span
					  >
				</div>
		    
		</div>
       <xf:else />
			<div class="block-body block-row">{{ phrase('no_items_have_been_created_yet') }}</div>
		
       </xf:if>
    
 </div>


   <xf:pagenav
			page="{$page}"
			perpage="{$perPage}"
			total="{$total}"
			link="ship-via"
			wrapperclass="block"
		  />
</xf:form>
<xf:macro
  name="table_list"
  arg-data="{$data}"
>
  <xf:datarow rowtype="header">
    <xf:cell> {{ phrase('fs_cell_ship_via') }} </xf:cell>
    <xf:cell class="dataList-cell--min"></xf:cell>
	 <xf:cell class="dataList-cell--min"></xf:cell>
  </xf:datarow>
  <xf:foreach loop="{$data}" value="$value">
    <xf:datarow>
		
          <xf:cell> {$value.ship_via} </xf:cell>
		
	<xf:action href="{{ link('ship-via/edit', $value) }}" >{{ phrase('edit') }}</xf:action>
      <xf:delete
        href="{{ link('ship-via/delete', $value) }}"
        overlay="true"
      />
    </xf:datarow>
  </xf:foreach>
</xf:macro>]]></template>
  <template type="public" title="addEdit_Auction" version_id="1000100" version_string="1.0.1 Alpha"><![CDATA[<xf:title>{{ phrase('auctionPostThread') }}</xf:title>

<xf:form
  action="{{ link('classifieds/auction/save', $category) }}"
  ajax="true"
  class="block"
  data-xf-init="attachment-manager"
  draft="{{ link('classifieds/categories/draft', $category) }}"
  data-preview-url="{{ link('classifieds/categories/listing-preview', $category) }}"
>
  <div class="block-container">
    <div class="block-body">
      <xf:macro
        template="z61_classifieds_listing_edit_macros"
        name="title"
        arg-category="{$category}"
        arg-listing="{$listing}"
        arg-prefixes="{$prefixes}"
      />

      <div>
        <xf:editorrow
          name="message"
          value="{{ $category.draft_listing.message ?: $category.listing_template }}"
          attachments="{{ $attachmentData ? $attachmentData.attachments : [] }}"
          rowtype="fullWidth noLabel mergePrev"
          label="{{ phrase('message') }}"
        />

        <xf:formrow>
        
            <xf:macro
              template="helper_attach_upload"
              name="upload_block"
              arg-attachmentData="{$attachmentData}"
              arg-forceHash="{$category.draft_listing.attachment_hash}"
            />
         
        </xf:formrow>
      </div>
      
		
        <xf:formrow label="{{ phrase('auction_endDate') }}" hint="{{ phrase('auction_required') }}" explain="{{ phrase('auction_endDate_explain') }}">
		
		 <xf:dateinput
              name="date"
              class=" date end"
              value=" "
              required="true"
            />
        </xf:formrow>
		        <xf:selectrow
        name="time_zone"
        label="{{ phrase('auction_time_zone') }}"
		hint="{{ phrase('auction_required') }}"
		explain="{{ phrase('auction_timeZone_explain') }}"
      >
       
        <xf:foreach loop="$thread.dropdwon_options"  value="$val">
			        <xf:if is="$val">

          <xf:option
            value="{$val}"
           
            >{{$val}}</xf:option
          >
						      </xf:if>

        </xf:foreach>
      </xf:selectrow>
		
      <xf:numberboxrow name="starting_bid" value="" min="0" explain="{{ phrase('auction_bid_explain') }}"
              required="true"
				
				label="{{ phrase('starting_bid') }}" />
		
		<xf:selectrow
        name="bid_increment"
        label="{{ phrase('bid_increments') }}"
        hint="{{ phrase('required') }}"
        required="required"
      >
        <xf:option value="0">{{ phrase('(none)') }}</xf:option>

        <xf:foreach loop="$bidIncreaments" value="$val">
          <xf:option
            value="{$val}"
            >{$val}</xf:option
          >
        </xf:foreach>
      </xf:selectrow>
		
		<xf:checkboxrow label="{{ phrase('payment_methods') }}" name="payment_methods" hint="{{ phrase('auction_required') }}" 
						explain="{{ phrase('auction_payment_explain') }}"
						>
				<xf:option value="1" >
					{{ phrase('payment_option_1') }}
				</xf:option>
			<xf:option value="1" >
					{{ phrase('payment_option_2') }}
				</xf:option>
			</xf:checkboxrow>
		
		<xf:selectrow
        name="ship_term"
        label="{{ phrase('shippingTerms') }}"
        hint="{{ phrase('required') }}"
		explain="{{ phrase('auction_shippingTerms_explain') }}"
        required="required"
      >
        <xf:option value="0">{{ phrase('(none)') }}</xf:option>

        <xf:foreach loop="$shipTerms" value="$val">
          <xf:option
            value="{$val.term_id}"
            >{$val.shipping_term}</xf:option
          >
        </xf:foreach>
      </xf:selectrow>
		
		<xf:selectrow
        name="ship_via"
        label="{{ phrase('shippingVia') }}"
        hint="{{ phrase('required') }}"
		explain="{{ phrase('auction_shippingVia_explain') }}"
        required="required"
      >
        <xf:option value="0">{{ phrase('(none)') }}</xf:option>

        <xf:foreach loop="$shipsVia" value="$val">
          <xf:option
            value="{$val.via_id}"
            >{$val.ship_via}</xf:option
          >
        </xf:foreach>
      </xf:selectrow>
		
		<xf:checkboxrow label="{{ phrase('guidlines') }}" name="guidlines" hint="{{ phrase('auction_required') }}" 
						explain="{{ phrase('auction_guidlines_explain') }}"
						>
				<xf:option value="1" >
					{{ phrase('guidlines_statement') }}
				</xf:option>
			
			</xf:checkboxrow>
		
		<xf:checkboxrow label="{{ phrase('bumpingRule') }}" name="guidlines" hint="{{ phrase('auction_required') }}" 
						explain="{{ phrase('auction_bumpingRule_explain') }}"
						>
				<xf:option value="1" >
					{{ phrase('bumpingRule_statement') }}
				</xf:option>
			
			</xf:checkboxrow>
		
<xf:checkboxrow
      label="{{ phrase('auctionsOptions') }}"

				
>
  <xf:option
    name="watchThisThread"
    value="1"
    selected="$option.option_value.required"
    data-hide="true"
    label="{{ phrase('watchThisThread') }}"
  >
    <xf:checkbox>
      <xf:option
        name="receiveEmailNotification"
        selected="$option.option_value.validate"
      >
        <xf:label
          >{{ phrase('receiveEmailNotification') }}</xf:label
        >
     
      </xf:option>
    </xf:checkbox>
  </xf:option>
</xf:checkboxrow>

  

    </div>


    <xf:submitrow icon="save" sticky="true" />
  </div>
</xf:form>]]></template>
</templates>
