{
    "src/addons/XenBulletins/Tournament/addon.json": "ecac055b8b5b16585e0f47a2b7cb5a7d6802f6686aa5902236ee0fd388993070",
    "src/addons/XenBulletins/Tournament/Admin/Controller/TournController.php": "f53ac48cefa6ab303c9d20a4b70b61026e3db376370c943b3917d06b01032289",
    "src/addons/XenBulletins/Tournament/Cron/Convsersation.php": "360799ceb0d634de8236993a162859d32adf538ccfa803cc86a4ea76561ac074",
    "src/addons/XenBulletins/Tournament/Entity/Register.php": "d467d7e4b3853d5b28dd9a1e2938c712d873ca30c589d29b3dd9a82bff87e6f7",
    "src/addons/XenBulletins/Tournament/Entity/Tournament.php": "5182c263c6a0d224680f0fba85c77944b3ec3547f99d9787db0b407d32a0d3d9",
    "src/addons/XenBulletins/Tournament/Pub/Controller/Upcomingtourn.php": "af5176874dd397bf6c3f6b1b717ebeace0664490b2993d0d6185b7ea5f1befbb",
    "src/addons/XenBulletins/Tournament/Service/Upload.php": "b5f665336221a6f657dc670d1a0212b45dcd3dbc36948a6e8d3070cbad40b20c",
    "src/addons/XenBulletins/Tournament/Setup.php": "4d584f755f963c41f79b2abc3d2007e32d204c4193f534fa755e338f9737e73a",
    "src/addons/XenBulletins/Tournament/_data/activity_summary_definitions.xml": "99d8c2563a31320d66f958fc8bda78613545f5f7959bb3cf5318805e3a3c39d2",
    "src/addons/XenBulletins/Tournament/_data/admin_navigation.xml": "70cbef06d69680e226cd9b40ff83cb7979bf14afd946364021ef85bd4bbcb84d",
    "src/addons/XenBulletins/Tournament/_data/admin_permission.xml": "ec6fb97cebf0bceb24f1ed1d5778c1db54eeb7535fbb3e31d824840e7aa9ff87",
    "src/addons/XenBulletins/Tournament/_data/advertising_positions.xml": "d2f7cbe844bb1df3cf878d22ff6306249245c8ff6b0b87b9b729744bec538261",
    "src/addons/XenBulletins/Tournament/_data/api_scopes.xml": "6793eaf758f140e8137187ba20e65f4faccf53410433ae3ad7a8b3b38cb6b3b7",
    "src/addons/XenBulletins/Tournament/_data/bb_codes.xml": "faa4ddd5f4a365e5ac39aebdcbe2d25aedf74e7eb9ea4a812766e2fd5e13bdb1",
    "src/addons/XenBulletins/Tournament/_data/bb_code_media_sites.xml": "29762987990187b33e43cfb68c08dc917b2d3f0176613d78f8e6c453f82da3f3",
    "src/addons/XenBulletins/Tournament/_data/class_extensions.xml": "1f548b8006e9952a3f5889f71e09fdfa6726ac1a47c1af7b2626d1a88920d5a4",
    "src/addons/XenBulletins/Tournament/_data/code_events.xml": "8370dec3df47f91df4cf79da253446ad11b29f4ea568fe76c774e97a0379f0eb",
    "src/addons/XenBulletins/Tournament/_data/code_event_listeners.xml": "d6b5072f4909dee7a20ee9e44b163f95c8aa52e6ac7f573e292000cd9238c331",
    "src/addons/XenBulletins/Tournament/_data/content_type_fields.xml": "c7ad5472b28f465b7ac7617627707eba1b7a39d28089460d52e1ed292fc0b06a",
    "src/addons/XenBulletins/Tournament/_data/cron.xml": "6c6b98fb3c360a3afce8197da3a6a4f61f0547e2e26870c80a5e4feab528d91c",
    "src/addons/XenBulletins/Tournament/_data/help_pages.xml": "a8a0c0b06cdc550438bc8a8d385af3e1e5ab3459877dfb934c1c31be59c89163",
    "src/addons/XenBulletins/Tournament/_data/member_stats.xml": "89fb2b93ff1eca7a1f6f752248edf6090dfd24037db1446fd18ff7143f08124d",
    "src/addons/XenBulletins/Tournament/_data/navigation.xml": "ceea3b9cc3057b7c5a7a0c6c8838ad015824079a0fd251431097f2b134ae1c9e",
    "src/addons/XenBulletins/Tournament/_data/options.xml": "0926812e0e79dd419252179a1f45b295e273440477d3c3514b90cbaf010c887f",
    "src/addons/XenBulletins/Tournament/_data/option_groups.xml": "c72374514b13f82b87e1808d55fe413ba37147376113f2664554681353aef02a",
    "src/addons/XenBulletins/Tournament/_data/permissions.xml": "7e4fc7d5826733d15ea2d8936b9bdd41afcaad810eb38e50da3c8d8eafda1550",
    "src/addons/XenBulletins/Tournament/_data/permission_interface_groups.xml": "3177224e96458b829aa7fb24866dda9e0455a4922aee3d669b53f59a1ffdf5d1",
    "src/addons/XenBulletins/Tournament/_data/phrases.xml": "4c9646af66c42d4e4b000b8596606ac1674ca38a25f204fa4a68f97a8764ece2",
    "src/addons/XenBulletins/Tournament/_data/routes.xml": "348e99eebeecbcd554f4b3da003ca970d068f8b2fbc3cf1d2a988d7267b2319f",
    "src/addons/XenBulletins/Tournament/_data/style_properties.xml": "8b8690a8512f01f219dd2da76e3d0c5f62afc1f317b87794a7331c859c36a7a8",
    "src/addons/XenBulletins/Tournament/_data/style_property_groups.xml": "68e1879cb3846c42d978487aa8d5145ff3335fc39e58016878824d5cf3fd684c",
    "src/addons/XenBulletins/Tournament/_data/templates.xml": "b4c241a78a5cfb02019655247a8715a4f7ccdeb7ed31bdca5f6a3d639f4ee159",
    "src/addons/XenBulletins/Tournament/_data/template_modifications.xml": "3b54b7df00a6a4a18c5e012b6e2588e35c23aaa13a5fc227f08646a97590d778",
    "src/addons/XenBulletins/Tournament/_data/widget_definitions.xml": "37e46965256430f24004c2e7f08ba08f9b0d1cbcc4d70e84b3f4e3ffb713e64b",
    "src/addons/XenBulletins/Tournament/_data/widget_positions.xml": "a29cee66134f6bc5d75ed9df1eef21096c24401915c5b5c774389c3d7bb2d5b3"
}