<?xml version="1.0" encoding="utf-8"?>
<options>
  <option option_id="fs_qa_routeFilterId" edit_format="textbox" data_type="integer">
    <default_value>0</default_value>
    <relation group_id="fs_question_answers" display_order="2"/>
  </option>
  <option option_id="fs_questionAnswerForum" edit_format="callback" data_type="integer">
    <default_value>39</default_value>
    <edit_format_params>FS\QuestionAnswers\Option\Forum::renderQuestionAnswersSelect</edit_format_params>
    <relation group_id="fs_question_answers" display_order="1"/>
  </option>
</options>
