{
    "src/addons/FS/WebsiteRanking/addon.json": "76bbfb3f7b96ad093ea731b10a66530332f1d595cfb6988791a932ad5990b8d8",
    "src/addons/FS/WebsiteRanking/Admin/Controller/AdminController.php": "80fda8c8648ec3c1f6644eaa808b21d3a566b008234e0ce495e11ca7c5d73d39",
    "src/addons/FS/WebsiteRanking/Helper.php": "ee2ba2f15e8fcb4dd0553eba4636358f164df7067f6f7de639fd702df85be3d0",
    "src/addons/FS/WebsiteRanking/Listener.php": "ab89579b3acee02d717320b82b376e623b8a5610ad1c87b8ee46be5a3a67aa2d",
    "src/addons/FS/WebsiteRanking/Pub/Controller/WebsiteRanking.php": "58393a612a73cc59d94678941e7d64ba1df799686d4da1854605b63cf3fb6fa8",
    "src/addons/FS/WebsiteRanking/Service/CreateParentWebsite.php": "2a09b74dec2ff70e468a41dfe40c7ca40f9b4cd8b322654d71368ece016f3f8b",
    "src/addons/FS/WebsiteRanking/Service/NodeAddEdit.php": "00cda42d893766cf677d614d9b501882a1e6c469e48f44f880a382465b65bb92",
    "src/addons/FS/WebsiteRanking/Service/WebsiteRankingServ.php": "9f8598b66a2da29425d21a6c9391abcf1640e62f4c5b02fccda49c9e7a73a04a",
    "src/addons/FS/WebsiteRanking/Setup.php": "7bfeebcc7d5fb381fab26f2f08df951e24c94e6ae1cf987da09000fd3d440a11",
    "src/addons/FS/WebsiteRanking/XF/Entity/Forum.php": "be2e0e7c5a5cb3059b985a9de02c9690044a4949ff5a733f5a5663ce923d5d7d",
    "src/addons/FS/WebsiteRanking/XF/Entity/Node.php": "fadc74779ec5c615a5fda70604fa00767990c34dd54ae3561b42724efd95495d",
    "src/addons/FS/WebsiteRanking/XF/Entity/Thread.php": "9e24eb93c0894d68a0d2118fb289ba986af92df5b66aded08176d01bfc6849e3",
    "src/addons/FS/WebsiteRanking/XF/Pub/Controller/Forum.php": "bdf4dcdc1299deff7eaeebfd8353a2cd4ed8a424d9ca11f278f95327931d4c76",
    "src/addons/FS/WebsiteRanking/XF/Pub/Controller/Thread.php": "4b222317ae1e3d9f3c13efd469cfcc316499a7150a82708aecae2d38d012f24f",
    "src/addons/FS/WebsiteRanking/XF/Repository/Node.php": "6bee7fd7a6e43913b0786fb66c32a5c29a36382517e4958e2db93a885ee2aeb2",
    "src/addons/FS/WebsiteRanking/XF/Repository/Thread.php": "97230e290dbb6714d3f5610dac15d6eabb4c0ee5227aaf14fb4ecbb3ea33ec89",
    "src/addons/FS/WebsiteRanking/_data/activity_summary_definitions.xml": "99d8c2563a31320d66f958fc8bda78613545f5f7959bb3cf5318805e3a3c39d2",
    "src/addons/FS/WebsiteRanking/_data/admin_navigation.xml": "8e5cf841bb8b70417f50289bac9bc5237dc98544af384eae4047f7e5d8c5388c",
    "src/addons/FS/WebsiteRanking/_data/admin_permission.xml": "ec6fb97cebf0bceb24f1ed1d5778c1db54eeb7535fbb3e31d824840e7aa9ff87",
    "src/addons/FS/WebsiteRanking/_data/advertising_positions.xml": "d2f7cbe844bb1df3cf878d22ff6306249245c8ff6b0b87b9b729744bec538261",
    "src/addons/FS/WebsiteRanking/_data/api_scopes.xml": "6793eaf758f140e8137187ba20e65f4faccf53410433ae3ad7a8b3b38cb6b3b7",
    "src/addons/FS/WebsiteRanking/_data/bb_codes.xml": "faa4ddd5f4a365e5ac39aebdcbe2d25aedf74e7eb9ea4a812766e2fd5e13bdb1",
    "src/addons/FS/WebsiteRanking/_data/bb_code_media_sites.xml": "29762987990187b33e43cfb68c08dc917b2d3f0176613d78f8e6c453f82da3f3",
    "src/addons/FS/WebsiteRanking/_data/class_extensions.xml": "bd213dd437025f74ded4133e3b5d7d3c950b5f81314ee816e6dcf7ad533f52c6",
    "src/addons/FS/WebsiteRanking/_data/code_events.xml": "8370dec3df47f91df4cf79da253446ad11b29f4ea568fe76c774e97a0379f0eb",
    "src/addons/FS/WebsiteRanking/_data/code_event_listeners.xml": "a03a0fed8623a7a149b26f67de085c18cec692d6ae2728e0f83266367e1dee75",
    "src/addons/FS/WebsiteRanking/_data/content_type_fields.xml": "c7ad5472b28f465b7ac7617627707eba1b7a39d28089460d52e1ed292fc0b06a",
    "src/addons/FS/WebsiteRanking/_data/cron.xml": "323c4284742ef24329cd6db6f288eb9736d2353f36852e1db12591e1583aea26",
    "src/addons/FS/WebsiteRanking/_data/help_pages.xml": "a8a0c0b06cdc550438bc8a8d385af3e1e5ab3459877dfb934c1c31be59c89163",
    "src/addons/FS/WebsiteRanking/_data/member_stats.xml": "89fb2b93ff1eca7a1f6f752248edf6090dfd24037db1446fd18ff7143f08124d",
    "src/addons/FS/WebsiteRanking/_data/navigation.xml": "06ce051787d94ff2b0ad15f414b03b0d0a6c1909a539b64314935459d579b1e5",
    "src/addons/FS/WebsiteRanking/_data/options.xml": "6292c12bdb567b100a75aabd2cc6ce236a476f7484caa673d09ba9026233623a",
    "src/addons/FS/WebsiteRanking/_data/option_groups.xml": "d63356eced88e2c7bab10038844c3b6a0f955f246785b7ecfb2e15f91a5d10d2",
    "src/addons/FS/WebsiteRanking/_data/permissions.xml": "bd8dc90787de4631c7292f1ec4ee6f6ba91a9eb90a43fcee549929b18bfead37",
    "src/addons/FS/WebsiteRanking/_data/permission_interface_groups.xml": "758bca33f54e8177fc711286226130248dd38cec5f398fae966c776219c36607",
    "src/addons/FS/WebsiteRanking/_data/phrases.xml": "8ccd1c9d7dadc5419d237100cc15a24f4f48062054df664f914b306b4dee96a7",
    "src/addons/FS/WebsiteRanking/_data/routes.xml": "3e78665522a187db1ef01a57d4475159adcc7fa061cf03cc060489d07a5fe274",
    "src/addons/FS/WebsiteRanking/_data/style_properties.xml": "8b8690a8512f01f219dd2da76e3d0c5f62afc1f317b87794a7331c859c36a7a8",
    "src/addons/FS/WebsiteRanking/_data/style_property_groups.xml": "68e1879cb3846c42d978487aa8d5145ff3335fc39e58016878824d5cf3fd684c",
    "src/addons/FS/WebsiteRanking/_data/templates.xml": "a9845a5fd1acabd49a72835a590434fd60fb52171d9c1724301ce33c80a460a2",
    "src/addons/FS/WebsiteRanking/_data/template_modifications.xml": "7c777362a574999d15daa3b845fbfc560b3cd98eb3216856340074f927f5dea4",
    "src/addons/FS/WebsiteRanking/_data/widget_definitions.xml": "37e46965256430f24004c2e7f08ba08f9b0d1cbcc4d70e84b3f4e3ffb713e64b",
    "src/addons/FS/WebsiteRanking/_data/widget_positions.xml": "a29cee66134f6bc5d75ed9df1eef21096c24401915c5b5c774389c3d7bb2d5b3"
}