{
    "src/addons/FS/ForumGroups/addon.json": "b1c73470d42302027046d2c11d07bbd9ed66a2816b8e43f21bf8c54fd32d7b90",
    "src/addons/FS/ForumGroups/Attachment/ForumGroups.php": "fb25d1c18802194473a16076ef4c7711a2fab8292e84e25f2d831eba9947151c",
    "src/addons/FS/ForumGroups/Pub/Controller/ForumGroups.php": "2d0edbb2b31ecf47571f4c57f36433914ae82c7dc4b970e96d9a4168e221c370",
    "src/addons/FS/ForumGroups/Service/ForumGroups/AbstractFormUpload.php": "743c97df79488c806086dfbc12c9825248b83bd95cea3ce9214641805c698956",
    "src/addons/FS/ForumGroups/Service/ForumGroups/Avatar.php": "0c11759b8518b7cb923c966e7c849cd2e2a49fb4cc550a6931992684236fd423",
    "src/addons/FS/ForumGroups/Service/ForumGroups/Cover.php": "caaa247294448cec684698e5aba900a5df7b366ab1fdce75d2e33177e549e722",
    "src/addons/FS/ForumGroups/Setup.php": "668767cdc74fb0434d6cec76543471d96f86540e2179c9eb9a5f7fb6f4a5e619",
    "src/addons/FS/ForumGroups/XF/Entity/Node.php": "c0e95bf950357d4b8b5efacf97f9c4fa70dc402cff79b624165d1cc291b91833",
    "src/addons/FS/ForumGroups/_data/activity_summary_definitions.xml": "99d8c2563a31320d66f958fc8bda78613545f5f7959bb3cf5318805e3a3c39d2",
    "src/addons/FS/ForumGroups/_data/admin_navigation.xml": "064ec797484ac00d5ee37367b50b06846d11f480d00550997712707f8fdac8c0",
    "src/addons/FS/ForumGroups/_data/admin_permission.xml": "ec6fb97cebf0bceb24f1ed1d5778c1db54eeb7535fbb3e31d824840e7aa9ff87",
    "src/addons/FS/ForumGroups/_data/advertising_positions.xml": "d2f7cbe844bb1df3cf878d22ff6306249245c8ff6b0b87b9b729744bec538261",
    "src/addons/FS/ForumGroups/_data/api_scopes.xml": "6793eaf758f140e8137187ba20e65f4faccf53410433ae3ad7a8b3b38cb6b3b7",
    "src/addons/FS/ForumGroups/_data/bb_codes.xml": "faa4ddd5f4a365e5ac39aebdcbe2d25aedf74e7eb9ea4a812766e2fd5e13bdb1",
    "src/addons/FS/ForumGroups/_data/bb_code_media_sites.xml": "29762987990187b33e43cfb68c08dc917b2d3f0176613d78f8e6c453f82da3f3",
    "src/addons/FS/ForumGroups/_data/class_extensions.xml": "237bdefb46ac0990d4cca7515b80760a3eb913ad490a9d8ee50d79770311a361",
    "src/addons/FS/ForumGroups/_data/code_events.xml": "8370dec3df47f91df4cf79da253446ad11b29f4ea568fe76c774e97a0379f0eb",
    "src/addons/FS/ForumGroups/_data/code_event_listeners.xml": "d6b5072f4909dee7a20ee9e44b163f95c8aa52e6ac7f573e292000cd9238c331",
    "src/addons/FS/ForumGroups/_data/content_type_fields.xml": "62ba2e54b2a8b8c81d2228c2107683711466e90028290dfe7ea8a42cbcae9d3c",
    "src/addons/FS/ForumGroups/_data/cron.xml": "323c4284742ef24329cd6db6f288eb9736d2353f36852e1db12591e1583aea26",
    "src/addons/FS/ForumGroups/_data/help_pages.xml": "a8a0c0b06cdc550438bc8a8d385af3e1e5ab3459877dfb934c1c31be59c89163",
    "src/addons/FS/ForumGroups/_data/member_stats.xml": "89fb2b93ff1eca7a1f6f752248edf6090dfd24037db1446fd18ff7143f08124d",
    "src/addons/FS/ForumGroups/_data/navigation.xml": "0afcd5ba4d533173b3214e789a0bb39882dc2e9c13cbe3a369ff64ad0434662e",
    "src/addons/FS/ForumGroups/_data/options.xml": "3a20937a9d5dea51c6041565c993e43ab8fc1a17c7cfe9a30c64c4fd6b869d56",
    "src/addons/FS/ForumGroups/_data/option_groups.xml": "1c4564a7c9695146c6e2ec66559d6dc73f5de611e5b02dda6c5c1d8d1efc46c5",
    "src/addons/FS/ForumGroups/_data/permissions.xml": "7e4fc7d5826733d15ea2d8936b9bdd41afcaad810eb38e50da3c8d8eafda1550",
    "src/addons/FS/ForumGroups/_data/permission_interface_groups.xml": "3177224e96458b829aa7fb24866dda9e0455a4922aee3d669b53f59a1ffdf5d1",
    "src/addons/FS/ForumGroups/_data/phrases.xml": "bca814c5d8d7b56e7091796905828e239f894c34c0c64b4fbbfc656363656adc",
    "src/addons/FS/ForumGroups/_data/routes.xml": "47fe6550d42f56a765f78d46dc724b88db6372df83f937fdde21702f1f9467eb",
    "src/addons/FS/ForumGroups/_data/style_properties.xml": "8b8690a8512f01f219dd2da76e3d0c5f62afc1f317b87794a7331c859c36a7a8",
    "src/addons/FS/ForumGroups/_data/style_property_groups.xml": "68e1879cb3846c42d978487aa8d5145ff3335fc39e58016878824d5cf3fd684c",
    "src/addons/FS/ForumGroups/_data/templates.xml": "54117d0c58f14829df88fa190beb050966c724d26ad85133d6f6cf8ca55b2a19",
    "src/addons/FS/ForumGroups/_data/template_modifications.xml": "7af7e596147658de94e19cc317276aaf5de4e26b756929380f8381122e3fd9d5",
    "src/addons/FS/ForumGroups/_data/widget_definitions.xml": "37e46965256430f24004c2e7f08ba08f9b0d1cbcc4d70e84b3f4e3ffb713e64b",
    "src/addons/FS/ForumGroups/_data/widget_positions.xml": "a29cee66134f6bc5d75ed9df1eef21096c24401915c5b5c774389c3d7bb2d5b3"
}