{
    "src/addons/FS/ForumGroups/addon.json": "b1c73470d42302027046d2c11d07bbd9ed66a2816b8e43f21bf8c54fd32d7b90",
    "src/addons/FS/ForumGroups/Attachment/ForumGroups.php": "fb25d1c18802194473a16076ef4c7711a2fab8292e84e25f2d831eba9947151c",
    "src/addons/FS/ForumGroups/Pub/Controller/ForumGroups.php": "194dc143d3f9df08910b213bba873f87993be7ab3b75cc0af8d550bc4834c4f3",
    "src/addons/FS/ForumGroups/Service/ForumGroups/AbstractFormUpload.php": "743c97df79488c806086dfbc12c9825248b83bd95cea3ce9214641805c698956",
    "src/addons/FS/ForumGroups/Service/ForumGroups/Avatar.php": "0c11759b8518b7cb923c966e7c849cd2e2a49fb4cc550a6931992684236fd423",
    "src/addons/FS/ForumGroups/Service/ForumGroups/Cover.php": "caaa247294448cec684698e5aba900a5df7b366ab1fdce75d2e33177e549e722",
    "src/addons/FS/ForumGroups/Setup.php": "4338dc5eddac6f00ed6c37e9bef9b14c5f8702d6745938780e1c70098a50f3b7",
    "src/addons/FS/ForumGroups/XF/Entity/Node.php": "ccd23ecb6b5a4bafff3e673a54db5d5c66072eb960433373694e6823202f4789",
    "src/addons/FS/ForumGroups/_data/activity_summary_definitions.xml": "99d8c2563a31320d66f958fc8bda78613545f5f7959bb3cf5318805e3a3c39d2",
    "src/addons/FS/ForumGroups/_data/admin_navigation.xml": "064ec797484ac00d5ee37367b50b06846d11f480d00550997712707f8fdac8c0",
    "src/addons/FS/ForumGroups/_data/admin_permission.xml": "ec6fb97cebf0bceb24f1ed1d5778c1db54eeb7535fbb3e31d824840e7aa9ff87",
    "src/addons/FS/ForumGroups/_data/advertising_positions.xml": "d2f7cbe844bb1df3cf878d22ff6306249245c8ff6b0b87b9b729744bec538261",
    "src/addons/FS/ForumGroups/_data/api_scopes.xml": "6793eaf758f140e8137187ba20e65f4faccf53410433ae3ad7a8b3b38cb6b3b7",
    "src/addons/FS/ForumGroups/_data/bb_codes.xml": "faa4ddd5f4a365e5ac39aebdcbe2d25aedf74e7eb9ea4a812766e2fd5e13bdb1",
    "src/addons/FS/ForumGroups/_data/bb_code_media_sites.xml": "29762987990187b33e43cfb68c08dc917b2d3f0176613d78f8e6c453f82da3f3",
    "src/addons/FS/ForumGroups/_data/class_extensions.xml": "237bdefb46ac0990d4cca7515b80760a3eb913ad490a9d8ee50d79770311a361",
    "src/addons/FS/ForumGroups/_data/code_events.xml": "8370dec3df47f91df4cf79da253446ad11b29f4ea568fe76c774e97a0379f0eb",
    "src/addons/FS/ForumGroups/_data/code_event_listeners.xml": "d6b5072f4909dee7a20ee9e44b163f95c8aa52e6ac7f573e292000cd9238c331",
    "src/addons/FS/ForumGroups/_data/content_type_fields.xml": "62ba2e54b2a8b8c81d2228c2107683711466e90028290dfe7ea8a42cbcae9d3c",
    "src/addons/FS/ForumGroups/_data/cron.xml": "323c4284742ef24329cd6db6f288eb9736d2353f36852e1db12591e1583aea26",
    "src/addons/FS/ForumGroups/_data/help_pages.xml": "a8a0c0b06cdc550438bc8a8d385af3e1e5ab3459877dfb934c1c31be59c89163",
    "src/addons/FS/ForumGroups/_data/member_stats.xml": "89fb2b93ff1eca7a1f6f752248edf6090dfd24037db1446fd18ff7143f08124d",
    "src/addons/FS/ForumGroups/_data/navigation.xml": "4fcdf052620945e31c365651f6818b6a1430116cb6c1117ef350db56b2f8448e",
    "src/addons/FS/ForumGroups/_data/options.xml": "4bad8e9a86b94cf5008d58c42cb26ec10665f624a48bb02134a14dcad81b233b",
    "src/addons/FS/ForumGroups/_data/option_groups.xml": "1c4564a7c9695146c6e2ec66559d6dc73f5de611e5b02dda6c5c1d8d1efc46c5",
    "src/addons/FS/ForumGroups/_data/permissions.xml": "06bcb9943b46c1f91c5f3c1ecf94bd793391f9b9480eacc35a7f987b15bb519a",
    "src/addons/FS/ForumGroups/_data/permission_interface_groups.xml": "be65d7da72d2612c68e18c61e11688731c20d53c1d5bb34c5d82e4a189cf440b",
    "src/addons/FS/ForumGroups/_data/phrases.xml": "038e79fbd647856326d58e2e54c8ca13a0eeca726bcad1139afcbd9b5d08d5fb",
    "src/addons/FS/ForumGroups/_data/routes.xml": "47fe6550d42f56a765f78d46dc724b88db6372df83f937fdde21702f1f9467eb",
    "src/addons/FS/ForumGroups/_data/style_properties.xml": "ee012672c85bef6bc57670d2978eca310ae8c82aefeac66f1096482758647c4d",
    "src/addons/FS/ForumGroups/_data/style_property_groups.xml": "fcda9383791329038e2f21cabbd5f979ee6bdc8c6b44c91bbbb6db96b9e5a322",
    "src/addons/FS/ForumGroups/_data/templates.xml": "d445ddfb76a37436812b1e0f78e6f28c7addd7481e8e1b2d277577d9ee56dce2",
    "src/addons/FS/ForumGroups/_data/template_modifications.xml": "4d3a246490efc7c8d777682d87da598bbd140cef448b2a2328991ae03d7c3adf",
    "src/addons/FS/ForumGroups/_data/widget_definitions.xml": "37e46965256430f24004c2e7f08ba08f9b0d1cbcc4d70e84b3f4e3ffb713e64b",
    "src/addons/FS/ForumGroups/_data/widget_positions.xml": "a29cee66134f6bc5d75ed9df1eef21096c24401915c5b5c774389c3d7bb2d5b3"
}