{
    "src/addons/FS/WebsiteRanking/addon.json": "bd3bf70e1c6f20de7a79a94039aeb6f31e4ed342df5fe85c35af070952747ee9",
    "src/addons/FS/WebsiteRanking/Admin/Controller/AdminController.php": "5916509dff3e935ebf0b049952db0e46781f7849171a8d03e8f9dce4e95087be",
    "src/addons/FS/WebsiteRanking/Pub/Controller/PubController.php": "55e0a00edb3b825103fee790325404a42c2546bd7a64b6955df4c06d6d3b2256",
    "src/addons/FS/WebsiteRanking/Service/NodeAddEdit.php": "52708afac32084cf7d930175a27d7fe50e96d21013e011bcacee50169071c077",
    "src/addons/FS/WebsiteRanking/Setup.php": "6031e9c50b3ec0dbeaeda957b64ef3218175509e7da0cfb967661c8762bdf573",
    "src/addons/FS/WebsiteRanking/XF/Entity/Forum.php": "235c6eddd6bb76d1cc58379b3a000af2c5adc4b1ace06b42e6d62c4af743507a",
    "src/addons/FS/WebsiteRanking/XF/Entity/Node.php": "868172d4c1534f1e2d04e8943671f1fecc42fc0457dcd5596c38cd7c90afcb41",
    "src/addons/FS/WebsiteRanking/XF/Entity/Thread.php": "0eb8fc6b7132b2df993c8eb566f00f3c4e69ef49ae6ae9cf3f96b2ad0b2f96b3",
    "src/addons/FS/WebsiteRanking/XF/Pub/Controller/Thread.php": "ac702c48b8457d5a8f9a27094b7f9cd0138bfeba33e039a1666461c84022a9c3",
    "src/addons/FS/WebsiteRanking/_data/activity_summary_definitions.xml": "99d8c2563a31320d66f958fc8bda78613545f5f7959bb3cf5318805e3a3c39d2",
    "src/addons/FS/WebsiteRanking/_data/admin_navigation.xml": "8e5cf841bb8b70417f50289bac9bc5237dc98544af384eae4047f7e5d8c5388c",
    "src/addons/FS/WebsiteRanking/_data/admin_permission.xml": "ec6fb97cebf0bceb24f1ed1d5778c1db54eeb7535fbb3e31d824840e7aa9ff87",
    "src/addons/FS/WebsiteRanking/_data/advertising_positions.xml": "d2f7cbe844bb1df3cf878d22ff6306249245c8ff6b0b87b9b729744bec538261",
    "src/addons/FS/WebsiteRanking/_data/api_scopes.xml": "6793eaf758f140e8137187ba20e65f4faccf53410433ae3ad7a8b3b38cb6b3b7",
    "src/addons/FS/WebsiteRanking/_data/bb_codes.xml": "faa4ddd5f4a365e5ac39aebdcbe2d25aedf74e7eb9ea4a812766e2fd5e13bdb1",
    "src/addons/FS/WebsiteRanking/_data/bb_code_media_sites.xml": "29762987990187b33e43cfb68c08dc917b2d3f0176613d78f8e6c453f82da3f3",
    "src/addons/FS/WebsiteRanking/_data/class_extensions.xml": "e18b1931c9a6b1077f1a8d012f14cf561016718671ab1c35a58759a648126fd6",
    "src/addons/FS/WebsiteRanking/_data/code_events.xml": "8370dec3df47f91df4cf79da253446ad11b29f4ea568fe76c774e97a0379f0eb",
    "src/addons/FS/WebsiteRanking/_data/code_event_listeners.xml": "d6b5072f4909dee7a20ee9e44b163f95c8aa52e6ac7f573e292000cd9238c331",
    "src/addons/FS/WebsiteRanking/_data/content_type_fields.xml": "c7ad5472b28f465b7ac7617627707eba1b7a39d28089460d52e1ed292fc0b06a",
    "src/addons/FS/WebsiteRanking/_data/cron.xml": "323c4284742ef24329cd6db6f288eb9736d2353f36852e1db12591e1583aea26",
    "src/addons/FS/WebsiteRanking/_data/help_pages.xml": "a8a0c0b06cdc550438bc8a8d385af3e1e5ab3459877dfb934c1c31be59c89163",
    "src/addons/FS/WebsiteRanking/_data/member_stats.xml": "89fb2b93ff1eca7a1f6f752248edf6090dfd24037db1446fd18ff7143f08124d",
    "src/addons/FS/WebsiteRanking/_data/navigation.xml": "ebd5a2ec44837da88c928be4c8f7469720c6d97ceeef5b59cac2ac627358a0e5",
    "src/addons/FS/WebsiteRanking/_data/options.xml": "aa7f3171ddec7aca360c742372b528d27ae0c9c328e7fd28564962795a7faa17",
    "src/addons/FS/WebsiteRanking/_data/option_groups.xml": "d63356eced88e2c7bab10038844c3b6a0f955f246785b7ecfb2e15f91a5d10d2",
    "src/addons/FS/WebsiteRanking/_data/permissions.xml": "7e4fc7d5826733d15ea2d8936b9bdd41afcaad810eb38e50da3c8d8eafda1550",
    "src/addons/FS/WebsiteRanking/_data/permission_interface_groups.xml": "3177224e96458b829aa7fb24866dda9e0455a4922aee3d669b53f59a1ffdf5d1",
    "src/addons/FS/WebsiteRanking/_data/phrases.xml": "97dc3f8c308149ca1adb2084bd778579353705c811a8de1007eb54b092abfba7",
    "src/addons/FS/WebsiteRanking/_data/routes.xml": "2c1cfdf85ceea13e8d687ce5e0da24afafe11f543d78a11fd8487acc9dba8a7d",
    "src/addons/FS/WebsiteRanking/_data/style_properties.xml": "8b8690a8512f01f219dd2da76e3d0c5f62afc1f317b87794a7331c859c36a7a8",
    "src/addons/FS/WebsiteRanking/_data/style_property_groups.xml": "68e1879cb3846c42d978487aa8d5145ff3335fc39e58016878824d5cf3fd684c",
    "src/addons/FS/WebsiteRanking/_data/templates.xml": "477dd1dad469aadff2867a455119a36b9bb0132bb1c2a176059c8407643503ca",
    "src/addons/FS/WebsiteRanking/_data/template_modifications.xml": "7c18e67fc8a56ea90fa5bddca0982d1217d91ad342d9e5a05aec3a5672b20503",
    "src/addons/FS/WebsiteRanking/_data/widget_definitions.xml": "37e46965256430f24004c2e7f08ba08f9b0d1cbcc4d70e84b3f4e3ffb713e64b",
    "src/addons/FS/WebsiteRanking/_data/widget_positions.xml": "a29cee66134f6bc5d75ed9df1eef21096c24401915c5b5c774389c3d7bb2d5b3"
}