{
    "src/addons/FS/ThreadSaleItem/addon.json": "2f1792b787ccffaf27c1066f8e4926a16b5267c7a1f04e788a6bd968fff64023",
    "src/addons/FS/ThreadSaleItem/Service/SaleItem.php": "d15022a41afd098c675d79980f35ec17a9af3de51371876464ccc40a5770de1d",
    "src/addons/FS/ThreadSaleItem/Setup.php": "fdb00293d485e4c40c801c5e152dc7c0b8cad9e7f4cecd719deddaf8c10440f4",
    "src/addons/FS/ThreadSaleItem/XF/Entity/Thread.php": "b8ee2d4057e541b2643ba2d0821036528624db95644a8ef1cd99d3a04d2ca7e6",
    "src/addons/FS/ThreadSaleItem/XF/Pub/Controller/Forum.php": "4e547be238561469fde161e43549e936ef3cce03b2af48c461a10d6a72d4b760",
    "src/addons/FS/ThreadSaleItem/XF/Pub/Controller/Post.php": "886956ae17d6fd894a3fa52d001ccd2c1521a71d41e7a0701cfc4c03aef3e679",
    "src/addons/FS/ThreadSaleItem/XF/Service/Thread/Creator.php": "44a041a1fcf1fe3e050062c5dec81737b2b761d015964377373dd7d348a5aac0",
    "src/addons/FS/ThreadSaleItem/_data/activity_summary_definitions.xml": "99d8c2563a31320d66f958fc8bda78613545f5f7959bb3cf5318805e3a3c39d2",
    "src/addons/FS/ThreadSaleItem/_data/admin_navigation.xml": "064ec797484ac00d5ee37367b50b06846d11f480d00550997712707f8fdac8c0",
    "src/addons/FS/ThreadSaleItem/_data/admin_permission.xml": "ec6fb97cebf0bceb24f1ed1d5778c1db54eeb7535fbb3e31d824840e7aa9ff87",
    "src/addons/FS/ThreadSaleItem/_data/advertising_positions.xml": "d2f7cbe844bb1df3cf878d22ff6306249245c8ff6b0b87b9b729744bec538261",
    "src/addons/FS/ThreadSaleItem/_data/api_scopes.xml": "6793eaf758f140e8137187ba20e65f4faccf53410433ae3ad7a8b3b38cb6b3b7",
    "src/addons/FS/ThreadSaleItem/_data/bb_codes.xml": "faa4ddd5f4a365e5ac39aebdcbe2d25aedf74e7eb9ea4a812766e2fd5e13bdb1",
    "src/addons/FS/ThreadSaleItem/_data/bb_code_media_sites.xml": "29762987990187b33e43cfb68c08dc917b2d3f0176613d78f8e6c453f82da3f3",
    "src/addons/FS/ThreadSaleItem/_data/class_extensions.xml": "29855aa50edc58c542d85ca0da223f92306f2ce78fb43e71d422035d2590f360",
    "src/addons/FS/ThreadSaleItem/_data/code_events.xml": "8370dec3df47f91df4cf79da253446ad11b29f4ea568fe76c774e97a0379f0eb",
    "src/addons/FS/ThreadSaleItem/_data/code_event_listeners.xml": "d6b5072f4909dee7a20ee9e44b163f95c8aa52e6ac7f573e292000cd9238c331",
    "src/addons/FS/ThreadSaleItem/_data/content_type_fields.xml": "c7ad5472b28f465b7ac7617627707eba1b7a39d28089460d52e1ed292fc0b06a",
    "src/addons/FS/ThreadSaleItem/_data/cron.xml": "323c4284742ef24329cd6db6f288eb9736d2353f36852e1db12591e1583aea26",
    "src/addons/FS/ThreadSaleItem/_data/help_pages.xml": "a8a0c0b06cdc550438bc8a8d385af3e1e5ab3459877dfb934c1c31be59c89163",
    "src/addons/FS/ThreadSaleItem/_data/member_stats.xml": "89fb2b93ff1eca7a1f6f752248edf6090dfd24037db1446fd18ff7143f08124d",
    "src/addons/FS/ThreadSaleItem/_data/navigation.xml": "f75e1c03a45a360bbdfcd0567121665082315068475d5b0feb8b1acbb1688651",
    "src/addons/FS/ThreadSaleItem/_data/options.xml": "3b8b0ead63f52cbb042eea1c8a2b8d94fcb4c4c8c1636a005a4d394e2b8eda10",
    "src/addons/FS/ThreadSaleItem/_data/option_groups.xml": "7920f566e9d58814281dc8b27cf682ed014efd12216a38dd52daff5a4cae34b9",
    "src/addons/FS/ThreadSaleItem/_data/permissions.xml": "9adfb2903eef97fe7d1a659336ba7e2f87b17d9c35d4d9fb9377f647cdf93984",
    "src/addons/FS/ThreadSaleItem/_data/permission_interface_groups.xml": "cb6d27cc7498fc040b66a6fc5b1f2c71a05cfc600aa4fff68180a33b44c2d9a5",
    "src/addons/FS/ThreadSaleItem/_data/phrases.xml": "f40fcb896290beceb62bbd37f9f4defdf2cf3bdcb28771f44780043b06374761",
    "src/addons/FS/ThreadSaleItem/_data/routes.xml": "550fa64f9feedf137dd877b38c2684f94474619d2d83890dbb717a91b50da8f5",
    "src/addons/FS/ThreadSaleItem/_data/style_properties.xml": "8b8690a8512f01f219dd2da76e3d0c5f62afc1f317b87794a7331c859c36a7a8",
    "src/addons/FS/ThreadSaleItem/_data/style_property_groups.xml": "68e1879cb3846c42d978487aa8d5145ff3335fc39e58016878824d5cf3fd684c",
    "src/addons/FS/ThreadSaleItem/_data/templates.xml": "4bb54feb69c550723417d59bfe0fb8c9acacb65df7f401e7a6ca3b9ddff180f7",
    "src/addons/FS/ThreadSaleItem/_data/template_modifications.xml": "50be8505eb4d583bc49a7f736fbc637441e24ff60cfea21b214311a757970f6e",
    "src/addons/FS/ThreadSaleItem/_data/widget_definitions.xml": "37e46965256430f24004c2e7f08ba08f9b0d1cbcc4d70e84b3f4e3ffb713e64b",
    "src/addons/FS/ThreadSaleItem/_data/widget_positions.xml": "a29cee66134f6bc5d75ed9df1eef21096c24401915c5b5c774389c3d7bb2d5b3"
}