<?xml version="1.0" encoding="utf-8"?>
<phrases>
  <phrase title="admin_navigation.fsEscrowList" version_id="1000010" version_string="1.0.0 Alpha"><![CDATA[Escrows]]></phrase>
  <phrase title="admin_navigation.fsEscrowListNav" version_id="1000010" version_string="1.0.0 Alpha"><![CDATA[Escrows]]></phrase>
  <phrase title="escrow_admin_title" version_id="1000010" version_string="1.0.0 Alpha"><![CDATA[Escrows]]></phrase>
  <phrase title="escrow_amount" version_id="1000010" version_string="1.0.0 Alpha"><![CDATA[Escrow Amount]]></phrase>
  <phrase title="escrow_current_amount" version_id="1000010" version_string="1.0.0 Alpha"><![CDATA[Current Balance:]]></phrase>
  <phrase title="escrow_title" version_id="1000010" version_string="1.0.0 Alpha"><![CDATA[Escrow Title]]></phrase>
  <phrase title="escrow_total_amount" version_id="1000010" version_string="1.0.0 Alpha"><![CDATA[Total Amount:]]></phrase>
  <phrase title="escrow_user" version_id="1000010" version_string="1.0.0 Alpha"><![CDATA[User]]></phrase>
  <phrase title="fs_add_escrow" version_id="1000010" version_string="1.0.0 Alpha"><![CDATA[Start Escrow]]></phrase>
  <phrase title="fs_escrow" version_id="1000010" version_string="1.0.0 Alpha"><![CDATA[Escrow]]></phrase>
  <phrase title="fs_escrow_add" version_id="1000010" version_string="1.0.0 Alpha"><![CDATA[Start Escrow]]></phrase>
  <phrase title="fs_escrow_admin_amount" version_id="1000010" version_string="1.0.0 Alpha"><![CDATA[Amount]]></phrase>
  <phrase title="fs_escrow_admin_date" version_id="1000010" version_string="1.0.0 Alpha"><![CDATA[Created at]]></phrase>
  <phrase title="fs_escrow_admin_from" version_id="1000010" version_string="1.0.0 Alpha"><![CDATA[Starter]]></phrase>
  <phrase title="fs_escrow_admin_status" version_id="1000010" version_string="1.0.0 Alpha"><![CDATA[Status]]></phrase>
  <phrase title="fs_escrow_admin_title" version_id="1000010" version_string="1.0.0 Alpha"><![CDATA[Title]]></phrase>
  <phrase title="fs_escrow_admin_to" version_id="1000010" version_string="1.0.0 Alpha"><![CDATA[Mentioned]]></phrase>
  <phrase title="fs_escrow_admins_lastUpdate" version_id="1000010" version_string="1.0.0 Alpha"><![CDATA[last opdate]]></phrase>
  <phrase title="fs_escrow_all" version_id="1000010" version_string="1.0.0 Alpha"><![CDATA[All Escrows]]></phrase>
  <phrase title="fs_escrow_amount" version_id="1000010" version_string="1.0.0 Alpha"><![CDATA[Amount]]></phrase>
  <phrase title="fs_escrow_amount_deposit" version_id="1000010" version_string="1.0.0 Alpha"><![CDATA[Deposit]]></phrase>
  <phrase title="fs_escrow_amount_required" version_id="1000010" version_string="1.0.0 Alpha"><![CDATA[Enter amount...!]]></phrase>
  <phrase title="fs_escrow_amount_symbol" version_id="1000010" version_string="1.0.0 Alpha"><![CDATA[$]]></phrase>
  <phrase title="fs_escrow_approve" version_id="1000010" version_string="1.0.0 Alpha"><![CDATA[Approve]]></phrase>
  <phrase title="fs_escrow_cancel" version_id="1000010" version_string="1.0.0 Alpha"><![CDATA[Cancel]]></phrase>
  <phrase title="fs_escrow_cant_mention_own_name" version_id="1000010" version_string="1.0.0 Alpha"><![CDATA[You can't mention own name...!]]></phrase>
  <phrase title="fs_escrow_confirm_action" version_id="1000010" version_string="1.0.0 Alpha"><![CDATA[Confirm action]]></phrase>
  <phrase title="fs_escrow_deposit" version_id="1000010" version_string="1.0.0 Alpha"><![CDATA[Deposit amount]]></phrase>
  <phrase title="fs_escrow_enter_valid_data" version_id="1000010" version_string="1.0.0 Alpha"><![CDATA[Enter valid values...!]]></phrase>
  <phrase title="fs_escrow_form_status" version_id="1000010" version_string="1.0.0 Alpha"><![CDATA[Status]]></phrase>
  <phrase title="fs_escrow_logs" version_id="1000010" version_string="1.0.0 Alpha"><![CDATA[Escrow Logs]]></phrase>
  <phrase title="fs_escrow_mentioned_by" version_id="1000010" version_string="1.0.0 Alpha"><![CDATA[Mentioned By]]></phrase>
  <phrase title="fs_escrow_mentioned_username" version_id="1000010" version_string="1.0.0 Alpha"><![CDATA[Mentioned User]]></phrase>
  <phrase title="fs_escrow_not_allowed" version_id="1000010" version_string="1.0.0 Alpha"><![CDATA[Action not allowed]]></phrase>
  <phrase title="fs_escrow_not_enough_amount" version_id="1000010" version_string="1.0.0 Alpha"><![CDATA[Insufficient Balance...!]]></phrase>
  <phrase title="fs_escrow_page_title" version_id="1000010" version_string="1.0.0 Alpha"><![CDATA[Escrow]]></phrase>
  <phrase title="fs_escrow_payment" version_id="1000010" version_string="1.0.0 Alpha"><![CDATA[Release Payment]]></phrase>
  <phrase title="fs_escrow_place_holder" version_id="1000010" version_string="1.0.0 Alpha"><![CDATA[Escrow title]]></phrase>
  <phrase title="fs_escrow_please_confirm_that_you_want_to_approve_following" version_id="1000010" version_string="1.0.0 Alpha"><![CDATA[Please confirm that you want to approve the following]]></phrase>
  <phrase title="fs_escrow_please_confirm_that_you_want_to_cancel_following" version_id="1000010" version_string="1.0.0 Alpha"><![CDATA[Please confirm that you want to cancel the following]]></phrase>
  <phrase title="fs_escrow_please_confirm_that_you_want_to_payment_following" version_id="1000010" version_string="1.0.0 Alpha"><![CDATA[Please confirm that you want to payment the following]]></phrase>
  <phrase title="fs_escrow_post_escrow" version_id="1000010" version_string="1.0.0 Alpha"><![CDATA[Post Escrow]]></phrase>
  <phrase title="fs_escrow_rules" version_id="1000010" version_string="1.0.0 Alpha"><![CDATA[<ol>
	<li>Lorem Ipsum is simply dummy text of the printing and typesetting industry.
	<li>Lorem Ipsum is simply dummy text of the printing and typesetting industry.</li>
	<li>Lorem Ipsum is simply dummy text of the printing and typesetting industry.</li>
        <li>Lorem Ipsum is simply dummy text of the printing and typesetting industry.
	<li>Lorem Ipsum is simply dummy text of the printing and typesetting industry.</li>
	<li>Lorem Ipsum is simply dummy text of the printing and typesetting industry.</li>
</ol>]]></phrase>
  <phrase title="fs_escrow_rules_heading" version_id="1000010" version_string="1.0.0 Alpha"><![CDATA[Escrow Rules]]></phrase>
  <phrase title="fs_escrow_start_username" version_id="1000010" version_string="1.0.0 Alpha"><![CDATA[Starter Username]]></phrase>
  <phrase title="fs_escrow_statistics" version_id="1000010" version_string="1.0.0 Alpha"><![CDATA[Escrow Stats]]></phrase>
  <phrase title="fs_escrow_status_0" version_id="1000010" version_string="1.0.0 Alpha"><![CDATA[Waiting for approvel]]></phrase>
  <phrase title="fs_escrow_status_1" version_id="1000010" version_string="1.0.0 Alpha"><![CDATA[Aproved. Processing]]></phrase>
  <phrase title="fs_escrow_status_2" version_id="1000010" version_string="1.0.0 Alpha"><![CDATA[Cancelled by mentioned User]]></phrase>
  <phrase title="fs_escrow_status_3" version_id="1000010" version_string="1.0.0 Alpha"><![CDATA[Cancelled by Creator]]></phrase>
  <phrase title="fs_escrow_status_4" version_id="1000010" version_string="1.0.0 Alpha"><![CDATA[Completed]]></phrase>
  <phrase title="fs_escrow_title" version_id="1000010" version_string="1.0.0 Alpha"><![CDATA[Escrow Start]]></phrase>
  <phrase title="fs_escrow_trans_amount" version_id="1000010" version_string="1.0.0 Alpha"><![CDATA[Amount]]></phrase>
  <phrase title="fs_escrow_trans_amount_deposit" version_id="1000010" version_string="1.0.0 Alpha"><![CDATA[Amount Deposit Only!]]></phrase>
  <phrase title="fs_escrow_trans_current" version_id="1000010" version_string="1.0.0 Alpha"><![CDATA[Balance]]></phrase>
  <phrase title="fs_escrow_trans_date" version_id="1000010" version_string="1.0.0 Alpha"><![CDATA[Date Time]]></phrase>
  <phrase title="fs_escrow_trans_type" version_id="1000010" version_string="1.0.0 Alpha"><![CDATA[Type]]></phrase>
  <phrase title="fs_escrow_user_not_found" version_id="1000010" version_string="1.0.0 Alpha"><![CDATA[User not found...!]]></phrase>
  <phrase title="fs_escrow_you_must_login" version_id="1000010" version_string="1.0.0 Alpha"><![CDATA[Sorry, you need to login First...!]]></phrase>
  <phrase title="fs_escrows_details" version_id="1000010" version_string="1.0.0 Alpha"><![CDATA[Overview]]></phrase>
  <phrase title="fs_mentioned_escrow" version_id="1000010" version_string="1.0.0 Alpha"><![CDATA[Mentioned Escrow]]></phrase>
  <phrase title="fs_my_escrow" version_id="1000010" version_string="1.0.0 Alpha"><![CDATA[My Escrows]]></phrase>
  <phrase title="nav.fs_escrow" version_id="1000010" version_string="1.0.0 Alpha"><![CDATA[Escrow]]></phrase>
  <phrase title="nav.fs_escrow_add" version_id="1000010" version_string="1.0.0 Alpha"><![CDATA[Start Escrow]]></phrase>
  <phrase title="no_any_data_found" version_id="1000010" version_string="1.0.0 Alpha"><![CDATA[No Data Found...!]]></phrase>
  <phrase title="no_any_transaction_found" version_id="1000010" version_string="1.0.0 Alpha"><![CDATA[No any transaction found]]></phrase>
  <phrase title="option.fs_escrow_admin_percentage" version_id="1000010" version_string="1.0.0 Alpha"><![CDATA[Admin Percentage]]></phrase>
  <phrase title="option.fs_escrow_applicable_forum" version_id="1000010" version_string="1.0.0 Alpha"><![CDATA[Forum Id]]></phrase>
  <phrase title="option_explain.fs_escrow_admin_percentage" version_id="1000010" version_string="1.0.0 Alpha"><![CDATA[Admin Percentage]]></phrase>
  <phrase title="option_explain.fs_escrow_applicable_forum" version_id="1000010" version_string="1.0.0 Alpha"><![CDATA[]]></phrase>
  <phrase title="option_group.fsEscrow" version_id="1000010" version_string="1.0.0 Alpha"><![CDATA[[FS] Escrow]]></phrase>
  <phrase title="option_group_description.fsEscrow" version_id="1000010" version_string="1.0.0 Alpha"><![CDATA[[FS] Escrow]]></phrase>
  <phrase title="x_approve_escrow_y" version_id="1000010" version_string="1.0.0 Alpha"><![CDATA[{name} approve a escrow named {title}.]]></phrase>
  <phrase title="x_cancel_escrow_y" version_id="1000010" version_string="1.0.0 Alpha"><![CDATA[{name} cancel a escrow named {title}.]]></phrase>
  <phrase title="x_mentioned_you_in_escrow_y" version_id="1000010" version_string="1.0.0 Alpha"><![CDATA[{name} mentioned you in an escrow {title}.]]></phrase>
  <phrase title="x_payment_escrow_y" version_id="1000010" version_string="1.0.0 Alpha"><![CDATA[{name} payment a escrow named {title}.]]></phrase>
  <phrase title="x_quoted_your_post_in_escrow_y" version_id="1000010" version_string="1.0.0 Alpha"><![CDATA[{name} quoted your post in the escrow {title}.]]></phrase>
  <phrase title="x_replied_to_escrow_y" version_id="1000010" version_string="1.0.0 Alpha"><![CDATA[{name} replied to the escrow {title}.]]></phrase>
  <phrase title="x_started_escrow_y" version_id="1000010" version_string="1.0.0 Alpha"><![CDATA[{name} started a escrow named {title}.]]></phrase>
</phrases>
