<?xml version="1.0" encoding="utf-8"?>
<templates>
  <template type="public" title="fs_escrow_addEdit" version_id="1000010" version_string="1.0.0 Alpha"><![CDATA[<xf:title>{{ phrase('fs_add_escrow') }}</xf:title>
<xf:form action="{{ link('auction/categories/bidding', $auction) }}" ajax="true" class="block" data-xf-init="attachment-manager">
	
	<div class="block-container">
		<div class="block-body">
	<!--		<xf:formrow label="{{ phrase('escrow_currency_type') }}">
				<div class="inputChoices">
					<xf:radio name="currency_type">
						<xf:option label="{{ phrase('currency_type_xmr') }}" value="xmr">
						</xf:option>
						<xf:option label="{{ phrase('currency_type_btc') }}" value="btc">
						</xf:option>
					</xf:radio>
				</div>
		</xf:formrow> -->
			<xf:textboxrow name="escrow_amount" value=""   label="{{ phrase('escrow_title') }}" />
				
			
			<xf:macro name="description"
					  arg-description="{$category.draft_resource.message}"
					  arg-attachmentData="{$attachmentData}"
					  arg-previewUrl="{{ link('resources/categories/preview', $category) }}" />
			<xf:formrow>
					<xf:macro template="helper_attach_upload" name="upload_block" arg-attachmentData="{$attachmentData}" />
				
			</xf:formrow>
			
			<xf:numberboxrow name="escrow_amount" value="" explain="{{ phrase('escrow_total_amount') }}" min="0" label="{{ phrase('escrow_amount') }}" />
			
			<xf:textboxrow name="starter" value="{{ $starterFilter ? $starterFilter.username : '' }}" label="{{ phrase('escrow_user') }}" ac="single"
				maxlength="{{ max_length($xf.visitor, 'username') }}" id="ctrl_started_by" />
			
	
	<xf:submitrow icon="save" sticky="true" />
		</div>
	</div>
</xf:form>


<xf:macro name="description" arg-description="" arg-attachmentData="{{ [] }}" arg-previewUrl="">
	<div data-xf-init="attachment-manager">
		<xf:editorrow name="description" value="{$description}" data-min-height="200"
					  attachments="{$attachmentData.attachments}"
					  label="{{ phrase('description') }}"
					  data-preview-url="{$previewUrl}" />

		<xf:formrow>
			<xf:if is="$attachmentData">
				<xf:macro template="helper_attach_upload" name="upload_block" arg-attachmentData="{$attachmentData}" />
			</xf:if>
		</xf:formrow>
	</div>
</xf:macro>]]></template>
  <template type="public" title="fs_escrow_deposit" version_id="1000010" version_string="1.0.0 Alpha"><![CDATA[<xf:title> {{ phrase('fs_escrow_deposit') }} </xf:title>

<xf:wrap template="account_wrapper" />

<xf:form
  action="{{ link('escrow/deposit-save') }}"
  ajax="true"
  class="block"
  data-force-flash-message="true"
>
  <div class="block-container">
    <div class="block-body">
      <xf:numberboxrow name="deposit_amount" explain="{{ phrase('escrow_current_amount') }} {$xf.visitor.deposit_amount}" min="0" label="{{ phrase('fs_escrow_amount') }}" />
    </div>
    <xf:submitrow submit="" icon="save" />
  </div>
</xf:form>]]></template>
  <template type="public" title="fs_escrow_landing" version_id="1000010" version_string="1.0.0 Alpha"><![CDATA[<xf:title page="{$page}">{{ phrase('fs_escrow') }}</xf:title>
<div class="block-container">
    <div class="block-body">
		<xf:macro template="notice_macros" name="notice_list" arg-type="block" arg-notices="{$rules}" />
		<xf:pageaction>
			 <xf:button
				href="{{ link('escrow/add') }}"
				class="button--cta"
				icon="write"
				>{{ phrase('fs_escrow_add') }}</xf:button>
		</xf:pageaction>
    
    </div>
 </div>]]></template>
  <template type="public" title="fs_escrow_list_macro" version_id="1000010" version_string="1.0.0 Alpha"><![CDATA[<xf:macro name="escrow"
	arg-escrow=""
		  >
	<li class="block-row block-row--separated  js-inlineModContainer" data-author="{{ $thread.User.username ?: $thread.username }}">
	<div class="contentRow ">
		<span class="contentRow-figure">
			<xf:avatar user="{$xf.visitor.User}" size="s" defaultname="{$xf.visitor.username}" />
		</span>
		<div class="contentRow-main">
			<h3 class="contentRow-title">
				<a href="{{ link('threads', $thread) }}">Title</a>
			</h3>

			<div class="contentRow-snippet">{{ snippet($thread.FirstPost.message, 300, {'term': $options.term, 'stripQuote': true}) }}</div>

			<div class="contentRow-minor contentRow-minor--hideLinks">
				<ul class="listInline listInline--bullet">
					<li><xf:username user="{$xf.visitor.User}" defaultname="{$xf.visitor.username}" /></li>
					<li>{{ phrase('thread') }}</li>
					<li><xf:date time="{$thread.post_date}" /></li>
					<li>{{ phrase('replies:') }} {$thread.reply_count|number}</li>
					<li>{{ phrase('forum:') }} <a href="{{ link('forums', $thread.Forum) }}">{$thread.Forum.title}</a></li>
				</ul>
			</div>
		</div>
	</div>
</li>
	
</xf:macro>	



<!-- placingProperTableCellTemplate -->

<xf:macro name="logs_table_list" arg-logs="">
  <xf:datarow rowtype="header">
    <xf:cell> {{ phrase('fs_escrow_trans_type') }} </xf:cell>
    <xf:cell> {{ phrase('fs_escrow_trans_date') }} </xf:cell>
    <xf:cell> {{ phrase('fs_escrow_trans_amount') }} </xf:cell>
    <xf:cell> {{ phrase('fs_escrow_trans_current') }} </xf:cell>

  </xf:datarow>
  <xf:foreach loop="$attendance" value="$attend">
    <xf:datarow>
      <xf:cell> {{date($attend.date)}} </xf:cell>

      <xf:cell> {{time($attend.in_time )}} </xf:cell>
      <xf:cell> {{time($attend.out_time )}} </xf:cell>
      <xf:cell>

      {{$attend.comment != '' ? snippet($attend.comment, 30, {'stripBbCode': true}) : phrase('noComments') }}
       </xf:cell>



    </xf:datarow>
  </xf:foreach>
</xf:macro>]]></template>
  <template type="public" title="fs_escrow_logs" version_id="1000010" version_string="1.0.0 Alpha"><![CDATA[<div class="block-container">
  <div class="block-body">
    <xf:form action="{{ link($prefix . '/toggle') }}" class="block" ajax="true">
      <div class="block-container">
        <xf:if is="true">
          <div class="block-body">
            <xf:datalist data-xf-init="responsive-data-list">
              <xf:macro
				template="fs_escrow_list_macro"
                name="logs_table_list"
                arg-logs="{$logs}"
              />
            </xf:datalist>
          </div>

          <xf:else />
          <div class="block-body block-row">
            {{ phrase('no_any_transaction_found') }}
          </div>
        </xf:if>
      </div>
    </xf:form>
  </div>]]></template>
  <template type="public" title="fs_escrow_mentioned_escrow" version_id="1000010" version_string="1.0.0 Alpha"><![CDATA[<div class="block-container">
	<div class="block-body">
			<xf:macro template="fs_escrow_list_macro" name="escrow"
		arg-escrow=""
		arg-containerClass="contentRow-minor" />
	</div>
</div>]]></template>
  <template type="public" title="fs_escrow_my_escrow" version_id="1000010" version_string="1.0.0 Alpha"><![CDATA[<div class="block-container">
	<div class="block-body">
			<xf:macro template="fs_escrow_list_macro" name="escrow"
		arg-escrow=""
		arg-containerClass="contentRow-minor" />
	</div>
</div>]]></template>
</templates>
