{
    "src/addons/FS/Escrow/addon.json": "dd3baccfaf8c4f202ec9c4507388a5c4206f6f8bedf12447ad93ac6330735e13",
    "src/addons/FS/Escrow/Entity/Transaction.php": "7dfaea5d73b14ac18e323792c00c9d1142076c8482da78b4a103de272068c3b0",
    "src/addons/FS/Escrow/Install/Data/MySql.php": "4b49ff13ef5492d46499b0dee5f47bb3389ff53e6b94255f92090cadfb25b6da",
    "src/addons/FS/Escrow/Pub/Controller/Escrow.php": "c6aef0ca2a76ad6d1b3010d4b362833a2d304cd17634f0368b738b66040f46b5",
    "src/addons/FS/Escrow/Setup.php": "fa326ce13f6b3cdc7ae74f2bc0a520e09c3e80fbdc96d5dbc52308e1b070ac32",
    "src/addons/FS/Escrow/XF/Entity/User.php": "f9b8d8edf14729514be3b3306e3a38e8bcd639f2cfac7402648b621bd8f358d6",
    "src/addons/FS/Escrow/_data/activity_summary_definitions.xml": "99d8c2563a31320d66f958fc8bda78613545f5f7959bb3cf5318805e3a3c39d2",
    "src/addons/FS/Escrow/_data/admin_navigation.xml": "064ec797484ac00d5ee37367b50b06846d11f480d00550997712707f8fdac8c0",
    "src/addons/FS/Escrow/_data/admin_permission.xml": "ec6fb97cebf0bceb24f1ed1d5778c1db54eeb7535fbb3e31d824840e7aa9ff87",
    "src/addons/FS/Escrow/_data/advertising_positions.xml": "d2f7cbe844bb1df3cf878d22ff6306249245c8ff6b0b87b9b729744bec538261",
    "src/addons/FS/Escrow/_data/api_scopes.xml": "6793eaf758f140e8137187ba20e65f4faccf53410433ae3ad7a8b3b38cb6b3b7",
    "src/addons/FS/Escrow/_data/bb_codes.xml": "faa4ddd5f4a365e5ac39aebdcbe2d25aedf74e7eb9ea4a812766e2fd5e13bdb1",
    "src/addons/FS/Escrow/_data/bb_code_media_sites.xml": "29762987990187b33e43cfb68c08dc917b2d3f0176613d78f8e6c453f82da3f3",
    "src/addons/FS/Escrow/_data/class_extensions.xml": "87c09f11326f64d15eda8072fa0629df5f7af2661a9e4aacb91505580d8f9821",
    "src/addons/FS/Escrow/_data/code_events.xml": "8370dec3df47f91df4cf79da253446ad11b29f4ea568fe76c774e97a0379f0eb",
    "src/addons/FS/Escrow/_data/code_event_listeners.xml": "d6b5072f4909dee7a20ee9e44b163f95c8aa52e6ac7f573e292000cd9238c331",
    "src/addons/FS/Escrow/_data/content_type_fields.xml": "c7ad5472b28f465b7ac7617627707eba1b7a39d28089460d52e1ed292fc0b06a",
    "src/addons/FS/Escrow/_data/cron.xml": "323c4284742ef24329cd6db6f288eb9736d2353f36852e1db12591e1583aea26",
    "src/addons/FS/Escrow/_data/help_pages.xml": "a8a0c0b06cdc550438bc8a8d385af3e1e5ab3459877dfb934c1c31be59c89163",
    "src/addons/FS/Escrow/_data/member_stats.xml": "89fb2b93ff1eca7a1f6f752248edf6090dfd24037db1446fd18ff7143f08124d",
    "src/addons/FS/Escrow/_data/navigation.xml": "1ff219516310b2e0f2795a9d66bc3912c132ec0560e917c26515882a43d536c6",
    "src/addons/FS/Escrow/_data/options.xml": "1cea29aa5671733d85c8fc6f7c66128eacbca5643cbb38585eb82002879b51a4",
    "src/addons/FS/Escrow/_data/option_groups.xml": "154d7a89664b243d0bd8227c22e241f934bf7e196c83230ee23d3c0c4fba1333",
    "src/addons/FS/Escrow/_data/permissions.xml": "7e4fc7d5826733d15ea2d8936b9bdd41afcaad810eb38e50da3c8d8eafda1550",
    "src/addons/FS/Escrow/_data/permission_interface_groups.xml": "3177224e96458b829aa7fb24866dda9e0455a4922aee3d669b53f59a1ffdf5d1",
    "src/addons/FS/Escrow/_data/phrases.xml": "644f5417739bc65399b42295fb35e08e405864c988b2922a0908606e181c62c6",
    "src/addons/FS/Escrow/_data/routes.xml": "8f74f18f5afdd4c46a6503df14182dbf1343bda691b30b404bb87ae7a69fb7ba",
    "src/addons/FS/Escrow/_data/style_properties.xml": "8b8690a8512f01f219dd2da76e3d0c5f62afc1f317b87794a7331c859c36a7a8",
    "src/addons/FS/Escrow/_data/style_property_groups.xml": "68e1879cb3846c42d978487aa8d5145ff3335fc39e58016878824d5cf3fd684c",
    "src/addons/FS/Escrow/_data/templates.xml": "37ca7366a9359f09e82172a2c11861e785de9b49a7cf19db66c9362d1bd9d01c",
    "src/addons/FS/Escrow/_data/template_modifications.xml": "a93b7f776cdbff85bd389b9a5e1f625f3e8e8b25d14b5026ce832dac5272c0c7",
    "src/addons/FS/Escrow/_data/widget_definitions.xml": "37e46965256430f24004c2e7f08ba08f9b0d1cbcc4d70e84b3f4e3ffb713e64b",
    "src/addons/FS/Escrow/_data/widget_positions.xml": "a29cee66134f6bc5d75ed9df1eef21096c24401915c5b5c774389c3d7bb2d5b3"
}