{
    "src/addons/FS/Escrow/addon.json": "dd3baccfaf8c4f202ec9c4507388a5c4206f6f8bedf12447ad93ac6330735e13",
    "src/addons/FS/Escrow/Admin/Controller/Escrow.php": "94b89855ccba7ffd780372a00cb61c8e9ae90829178a1eeff43ef42eafad09c3",
    "src/addons/FS/Escrow/Alert/EscrowListing.php": "ff9989c48b2c15390008380aef78d027160c6156b61e0f6abb10b379bbe34500",
    "src/addons/FS/Escrow/Entity/Escrow.php": "d411644028f0a229f9be44c0bf211e9d2f750dffcbf78ccb51f1fad686322aac",
    "src/addons/FS/Escrow/Entity/Transaction.php": "1cad7ab7ee254743e8fd3f7681262f1a1b3bf25382f339a3c95da06c518322c1",
    "src/addons/FS/Escrow/Install/Data/MySql.php": "0ba2d36768d10dc72ee35d15c2058b150dffd20292a37e3dd01d88bca0b91071",
    "src/addons/FS/Escrow/Notifier/Listing/EscrowAlert.php": "223b4b2124f7f27c153900db2c13d179720eaf7d60d6f02cd06005761074e50e",
    "src/addons/FS/Escrow/Pub/Controller/Escrow.php": "732fddcfa9e7eca44eb9d9c46da248bd0ed0cf8471134f96a20fd0b298636a52",
    "src/addons/FS/Escrow/Service/Escrow/createForum.php": "9eabf57a3e8baefb23db8859c7d7a9855224bc8c6da648fff219072e60251fa1",
    "src/addons/FS/Escrow/Service/Escrow/EscrowServ.php": "bbae33aaf87332a68c3c639c1bca8c1d33cbbf36aa72564e9818cdce26983cfc",
    "src/addons/FS/Escrow/Setup.php": "5da93b226c04ab71491014c69720460142e3b909abfeabd597b5390d908d5616",
    "src/addons/FS/Escrow/XF/Entity/Thread.php": "d5dd077bbed049c823ff452e03a7197e084787201afb79ab02b6a0b53b254433",
    "src/addons/FS/Escrow/XF/Entity/User.php": "c84226ec91263ecf4d4462f014ee46d3f9f59e18d980dae7340489c257202eae",
    "src/addons/FS/Escrow/XF/Pub/Controller/Forum.php": "9489515d17eb7487e4e0e14a72b97596d93b94b9c7ea1701db0d7767babc47eb",
    "src/addons/FS/Escrow/XF/Pub/Controller/Member.php": "a67c2615697b9701805dd4562d884369fbc935d9ea924b93bed79d2caa5b8918",
    "src/addons/FS/Escrow/XF/Pub/Controller/Post.php": "8254273e2a2bb844a87c7acf2dd9b0497f071423b3d7ad89d6777ca28b45ce34",
    "src/addons/FS/Escrow/XF/Pub/Controller/Thread.php": "84c7a658a111e6a26bd6a6cebed9ff5066a3c6994e2077dacdb66a3f18a10b5e",
    "src/addons/FS/Escrow/XF/Service/Thread/Creator.php": "922573298cceb9fd05970d5077897a1549767bb8c24a0ff31bef624bd8687943",
    "src/addons/FS/Escrow/_data/activity_summary_definitions.xml": "99d8c2563a31320d66f958fc8bda78613545f5f7959bb3cf5318805e3a3c39d2",
    "src/addons/FS/Escrow/_data/admin_navigation.xml": "bb346b6b8e06e5d34f79d562af0ec8be66e3d91a29cca4731f57605ed7e4f334",
    "src/addons/FS/Escrow/_data/admin_permission.xml": "ec6fb97cebf0bceb24f1ed1d5778c1db54eeb7535fbb3e31d824840e7aa9ff87",
    "src/addons/FS/Escrow/_data/advertising_positions.xml": "d2f7cbe844bb1df3cf878d22ff6306249245c8ff6b0b87b9b729744bec538261",
    "src/addons/FS/Escrow/_data/api_scopes.xml": "6793eaf758f140e8137187ba20e65f4faccf53410433ae3ad7a8b3b38cb6b3b7",
    "src/addons/FS/Escrow/_data/bb_codes.xml": "faa4ddd5f4a365e5ac39aebdcbe2d25aedf74e7eb9ea4a812766e2fd5e13bdb1",
    "src/addons/FS/Escrow/_data/bb_code_media_sites.xml": "29762987990187b33e43cfb68c08dc917b2d3f0176613d78f8e6c453f82da3f3",
    "src/addons/FS/Escrow/_data/class_extensions.xml": "ba17e10f2bbf999829deee865477fb368a00e3c7990bdab4188c7983fd0800f1",
    "src/addons/FS/Escrow/_data/code_events.xml": "8370dec3df47f91df4cf79da253446ad11b29f4ea568fe76c774e97a0379f0eb",
    "src/addons/FS/Escrow/_data/code_event_listeners.xml": "d6b5072f4909dee7a20ee9e44b163f95c8aa52e6ac7f573e292000cd9238c331",
    "src/addons/FS/Escrow/_data/content_type_fields.xml": "4b24eaba8b846262c058abdf9c620db9ad2b791a185afc5db4d0f06515cc6ed8",
    "src/addons/FS/Escrow/_data/cron.xml": "323c4284742ef24329cd6db6f288eb9736d2353f36852e1db12591e1583aea26",
    "src/addons/FS/Escrow/_data/help_pages.xml": "a8a0c0b06cdc550438bc8a8d385af3e1e5ab3459877dfb934c1c31be59c89163",
    "src/addons/FS/Escrow/_data/member_stats.xml": "89fb2b93ff1eca7a1f6f752248edf6090dfd24037db1446fd18ff7143f08124d",
    "src/addons/FS/Escrow/_data/navigation.xml": "1ff219516310b2e0f2795a9d66bc3912c132ec0560e917c26515882a43d536c6",
    "src/addons/FS/Escrow/_data/options.xml": "faa6279395730dbbb84dacc8b6fc53e73e63678607574c36739d505f1ed7b2dd",
    "src/addons/FS/Escrow/_data/option_groups.xml": "50911703344a85ef755396d7bf248a12661b9e910f9cad15ab6a427863c22607",
    "src/addons/FS/Escrow/_data/permissions.xml": "7e4fc7d5826733d15ea2d8936b9bdd41afcaad810eb38e50da3c8d8eafda1550",
    "src/addons/FS/Escrow/_data/permission_interface_groups.xml": "3177224e96458b829aa7fb24866dda9e0455a4922aee3d669b53f59a1ffdf5d1",
    "src/addons/FS/Escrow/_data/phrases.xml": "a2f3495e43123e1b751b200d9aa98ccca2a03dfe7ab1046ef740d8298d6014d9",
    "src/addons/FS/Escrow/_data/routes.xml": "3463e17074462f9c0307e07747390ea19352f319e1e98defb1fe3de0562cdcd2",
    "src/addons/FS/Escrow/_data/style_properties.xml": "8b8690a8512f01f219dd2da76e3d0c5f62afc1f317b87794a7331c859c36a7a8",
    "src/addons/FS/Escrow/_data/style_property_groups.xml": "68e1879cb3846c42d978487aa8d5145ff3335fc39e58016878824d5cf3fd684c",
    "src/addons/FS/Escrow/_data/templates.xml": "8367300359d7fb607527977d7262875abb8c5b9d065ede7651670bc5d53dc9ec",
    "src/addons/FS/Escrow/_data/template_modifications.xml": "3010ee58bb4963d0f79230ecbbf8c69ebf87e726675db57172b412a84e95a719",
    "src/addons/FS/Escrow/_data/widget_definitions.xml": "37e46965256430f24004c2e7f08ba08f9b0d1cbcc4d70e84b3f4e3ffb713e64b",
    "src/addons/FS/Escrow/_data/widget_positions.xml": "a29cee66134f6bc5d75ed9df1eef21096c24401915c5b5c774389c3d7bb2d5b3"
}