{
    "src/addons/FS/Escrow/addon.json": "dd3baccfaf8c4f202ec9c4507388a5c4206f6f8bedf12447ad93ac6330735e13",
    "src/addons/FS/Escrow/Entity/Escrow.php": "a0d751e37d68ca25280d9b8d72d38f71f6e03023bcf012ced3c3f072cc9e6d96",
    "src/addons/FS/Escrow/Entity/Transaction.php": "7dfaea5d73b14ac18e323792c00c9d1142076c8482da78b4a103de272068c3b0",
    "src/addons/FS/Escrow/Install/Data/MySql.php": "ee3ce33f5e17b03c111159e3852b47ed545ea50e748ce0c69b2b67272f247575",
    "src/addons/FS/Escrow/Pub/Controller/Escrow.php": "91c16fdda50b7af78d00bae62fe428ae8215ef55b2f584c04fdb513005189694",
    "src/addons/FS/Escrow/Service/Escrow/createForum.php": "9eabf57a3e8baefb23db8859c7d7a9855224bc8c6da648fff219072e60251fa1",
    "src/addons/FS/Escrow/Service/Escrow/EscrowServ.php": "ddaaec21f9a0ecbee7b139f16b29b081294e1f6fc6d0648b349693efb0bbe1c8",
    "src/addons/FS/Escrow/Setup.php": "ee094a4be44100e3c3aab23ac8497345a6e9b7a8f2c872e9de207593d613eae5",
    "src/addons/FS/Escrow/XF/Entity/Thread.php": "d5dd077bbed049c823ff452e03a7197e084787201afb79ab02b6a0b53b254433",
    "src/addons/FS/Escrow/XF/Entity/User.php": "f9b8d8edf14729514be3b3306e3a38e8bcd639f2cfac7402648b621bd8f358d6",
    "src/addons/FS/Escrow/XF/Pub/Controller/Forum.php": "d67c4b18e99fc66782ba08289511aa662b770e17cd979d1612ee8b804560de3c",
    "src/addons/FS/Escrow/XF/Pub/Controller/Member.php": "cf2f9f254b54dfedbe18fb46734a9b998b7221cb9e7dd239ce3e1cad937604cd",
    "src/addons/FS/Escrow/XF/Pub/Controller/Thread.php": "b7dbf18557d829a798f094df72bc6f9c2858d923ec16e70f3b269208f80c7e85",
    "src/addons/FS/Escrow/XF/Service/Thread/Creator.php": "922573298cceb9fd05970d5077897a1549767bb8c24a0ff31bef624bd8687943",
    "src/addons/FS/Escrow/_data/activity_summary_definitions.xml": "99d8c2563a31320d66f958fc8bda78613545f5f7959bb3cf5318805e3a3c39d2",
    "src/addons/FS/Escrow/_data/admin_navigation.xml": "064ec797484ac00d5ee37367b50b06846d11f480d00550997712707f8fdac8c0",
    "src/addons/FS/Escrow/_data/admin_permission.xml": "ec6fb97cebf0bceb24f1ed1d5778c1db54eeb7535fbb3e31d824840e7aa9ff87",
    "src/addons/FS/Escrow/_data/advertising_positions.xml": "d2f7cbe844bb1df3cf878d22ff6306249245c8ff6b0b87b9b729744bec538261",
    "src/addons/FS/Escrow/_data/api_scopes.xml": "6793eaf758f140e8137187ba20e65f4faccf53410433ae3ad7a8b3b38cb6b3b7",
    "src/addons/FS/Escrow/_data/bb_codes.xml": "faa4ddd5f4a365e5ac39aebdcbe2d25aedf74e7eb9ea4a812766e2fd5e13bdb1",
    "src/addons/FS/Escrow/_data/bb_code_media_sites.xml": "29762987990187b33e43cfb68c08dc917b2d3f0176613d78f8e6c453f82da3f3",
    "src/addons/FS/Escrow/_data/class_extensions.xml": "a144ccb5bc153c8add556b22a9ed78c283084f8d67c2c8dce4070453daac75e7",
    "src/addons/FS/Escrow/_data/code_events.xml": "8370dec3df47f91df4cf79da253446ad11b29f4ea568fe76c774e97a0379f0eb",
    "src/addons/FS/Escrow/_data/code_event_listeners.xml": "d6b5072f4909dee7a20ee9e44b163f95c8aa52e6ac7f573e292000cd9238c331",
    "src/addons/FS/Escrow/_data/content_type_fields.xml": "c7ad5472b28f465b7ac7617627707eba1b7a39d28089460d52e1ed292fc0b06a",
    "src/addons/FS/Escrow/_data/cron.xml": "323c4284742ef24329cd6db6f288eb9736d2353f36852e1db12591e1583aea26",
    "src/addons/FS/Escrow/_data/help_pages.xml": "a8a0c0b06cdc550438bc8a8d385af3e1e5ab3459877dfb934c1c31be59c89163",
    "src/addons/FS/Escrow/_data/member_stats.xml": "89fb2b93ff1eca7a1f6f752248edf6090dfd24037db1446fd18ff7143f08124d",
    "src/addons/FS/Escrow/_data/navigation.xml": "1ff219516310b2e0f2795a9d66bc3912c132ec0560e917c26515882a43d536c6",
    "src/addons/FS/Escrow/_data/options.xml": "faa6279395730dbbb84dacc8b6fc53e73e63678607574c36739d505f1ed7b2dd",
    "src/addons/FS/Escrow/_data/option_groups.xml": "50911703344a85ef755396d7bf248a12661b9e910f9cad15ab6a427863c22607",
    "src/addons/FS/Escrow/_data/permissions.xml": "7e4fc7d5826733d15ea2d8936b9bdd41afcaad810eb38e50da3c8d8eafda1550",
    "src/addons/FS/Escrow/_data/permission_interface_groups.xml": "3177224e96458b829aa7fb24866dda9e0455a4922aee3d669b53f59a1ffdf5d1",
    "src/addons/FS/Escrow/_data/phrases.xml": "3704f47cf96953cd0c91c35f2e01656d1244f996ea874b4b77fba271b2c3c3bc",
    "src/addons/FS/Escrow/_data/routes.xml": "8f74f18f5afdd4c46a6503df14182dbf1343bda691b30b404bb87ae7a69fb7ba",
    "src/addons/FS/Escrow/_data/style_properties.xml": "8b8690a8512f01f219dd2da76e3d0c5f62afc1f317b87794a7331c859c36a7a8",
    "src/addons/FS/Escrow/_data/style_property_groups.xml": "68e1879cb3846c42d978487aa8d5145ff3335fc39e58016878824d5cf3fd684c",
    "src/addons/FS/Escrow/_data/templates.xml": "254d02a23f3a209db33827e409382f3ad6e257b8a640200ed3658da53fcf1f35",
    "src/addons/FS/Escrow/_data/template_modifications.xml": "c450d99358500ab39dbe8bae72531de29198d72224f9becf000af78b46659553",
    "src/addons/FS/Escrow/_data/widget_definitions.xml": "37e46965256430f24004c2e7f08ba08f9b0d1cbcc4d70e84b3f4e3ffb713e64b",
    "src/addons/FS/Escrow/_data/widget_positions.xml": "a29cee66134f6bc5d75ed9df1eef21096c24401915c5b5c774389c3d7bb2d5b3"
}