{
    "src/addons/FS/Escrow/addon.json": "dd3baccfaf8c4f202ec9c4507388a5c4206f6f8bedf12447ad93ac6330735e13",
    "src/addons/FS/Escrow/Entity/Escrow.php": "7d7d6a2df2ade697e51859bf56b1edf493b3d2e3fd4bee7f426a76f96561d5b2",
    "src/addons/FS/Escrow/Entity/Transaction.php": "7dfaea5d73b14ac18e323792c00c9d1142076c8482da78b4a103de272068c3b0",
    "src/addons/FS/Escrow/Install/Data/MySql.php": "ee3ce33f5e17b03c111159e3852b47ed545ea50e748ce0c69b2b67272f247575",
    "src/addons/FS/Escrow/Pub/Controller/Escrow.php": "9a676bdf8337a52b5466a2d1bc5f7ec439eb107b12f2099d3547cec58914d734",
    "src/addons/FS/Escrow/Setup.php": "4834936e98ddea5ace71bc68d5b89995bd33c36e724370ff7aa23847cd4bea16",
    "src/addons/FS/Escrow/XF/Entity/Thread.php": "ea6c52d7e92b4c8db1b8e432c80aea8454621505efad390dd99e7e288c493411",
    "src/addons/FS/Escrow/XF/Entity/User.php": "f9b8d8edf14729514be3b3306e3a38e8bcd639f2cfac7402648b621bd8f358d6",
    "src/addons/FS/Escrow/XF/Pub/Controller/Forum.php": "56fa57d25f9c2c87199fc74e291996a3b3791f7fb482824e09f6bc8ee8a6124e",
    "src/addons/FS/Escrow/XF/Service/Thread/Creator.php": "62cf7768c2fd4bb9d0dfd900424d9d901e9dad8417aaad0ea81628b12fb44a75",
    "src/addons/FS/Escrow/_data/activity_summary_definitions.xml": "99d8c2563a31320d66f958fc8bda78613545f5f7959bb3cf5318805e3a3c39d2",
    "src/addons/FS/Escrow/_data/admin_navigation.xml": "064ec797484ac00d5ee37367b50b06846d11f480d00550997712707f8fdac8c0",
    "src/addons/FS/Escrow/_data/admin_permission.xml": "ec6fb97cebf0bceb24f1ed1d5778c1db54eeb7535fbb3e31d824840e7aa9ff87",
    "src/addons/FS/Escrow/_data/advertising_positions.xml": "d2f7cbe844bb1df3cf878d22ff6306249245c8ff6b0b87b9b729744bec538261",
    "src/addons/FS/Escrow/_data/api_scopes.xml": "6793eaf758f140e8137187ba20e65f4faccf53410433ae3ad7a8b3b38cb6b3b7",
    "src/addons/FS/Escrow/_data/bb_codes.xml": "faa4ddd5f4a365e5ac39aebdcbe2d25aedf74e7eb9ea4a812766e2fd5e13bdb1",
    "src/addons/FS/Escrow/_data/bb_code_media_sites.xml": "29762987990187b33e43cfb68c08dc917b2d3f0176613d78f8e6c453f82da3f3",
    "src/addons/FS/Escrow/_data/class_extensions.xml": "6235c2d35f53f3c45ab4f5e471e6c3c43ed0111095cfe07b50fd115705b17ba5",
    "src/addons/FS/Escrow/_data/code_events.xml": "8370dec3df47f91df4cf79da253446ad11b29f4ea568fe76c774e97a0379f0eb",
    "src/addons/FS/Escrow/_data/code_event_listeners.xml": "d6b5072f4909dee7a20ee9e44b163f95c8aa52e6ac7f573e292000cd9238c331",
    "src/addons/FS/Escrow/_data/content_type_fields.xml": "c7ad5472b28f465b7ac7617627707eba1b7a39d28089460d52e1ed292fc0b06a",
    "src/addons/FS/Escrow/_data/cron.xml": "323c4284742ef24329cd6db6f288eb9736d2353f36852e1db12591e1583aea26",
    "src/addons/FS/Escrow/_data/help_pages.xml": "a8a0c0b06cdc550438bc8a8d385af3e1e5ab3459877dfb934c1c31be59c89163",
    "src/addons/FS/Escrow/_data/member_stats.xml": "89fb2b93ff1eca7a1f6f752248edf6090dfd24037db1446fd18ff7143f08124d",
    "src/addons/FS/Escrow/_data/navigation.xml": "1ff219516310b2e0f2795a9d66bc3912c132ec0560e917c26515882a43d536c6",
    "src/addons/FS/Escrow/_data/options.xml": "07f3992b748dda0fc5b96e7099c6d6d6b123fe0c0e34f87694865ed59f4343bd",
    "src/addons/FS/Escrow/_data/option_groups.xml": "50911703344a85ef755396d7bf248a12661b9e910f9cad15ab6a427863c22607",
    "src/addons/FS/Escrow/_data/permissions.xml": "7e4fc7d5826733d15ea2d8936b9bdd41afcaad810eb38e50da3c8d8eafda1550",
    "src/addons/FS/Escrow/_data/permission_interface_groups.xml": "3177224e96458b829aa7fb24866dda9e0455a4922aee3d669b53f59a1ffdf5d1",
    "src/addons/FS/Escrow/_data/phrases.xml": "4110ebefc7c232ba1e3beb37c46bf5e553db529f72987f2fc172105d385f2519",
    "src/addons/FS/Escrow/_data/routes.xml": "8f74f18f5afdd4c46a6503df14182dbf1343bda691b30b404bb87ae7a69fb7ba",
    "src/addons/FS/Escrow/_data/style_properties.xml": "8b8690a8512f01f219dd2da76e3d0c5f62afc1f317b87794a7331c859c36a7a8",
    "src/addons/FS/Escrow/_data/style_property_groups.xml": "68e1879cb3846c42d978487aa8d5145ff3335fc39e58016878824d5cf3fd684c",
    "src/addons/FS/Escrow/_data/templates.xml": "84bc32137942599d7fe5425a1e47f360f47f6081539312ab9aefb5469e25e959",
    "src/addons/FS/Escrow/_data/template_modifications.xml": "4a7d5369eb91df5d1be68159388aa4dfbda536c82e1dc5745f7bbd3b4dacb500",
    "src/addons/FS/Escrow/_data/widget_definitions.xml": "37e46965256430f24004c2e7f08ba08f9b0d1cbcc4d70e84b3f4e3ffb713e64b",
    "src/addons/FS/Escrow/_data/widget_positions.xml": "a29cee66134f6bc5d75ed9df1eef21096c24401915c5b5c774389c3d7bb2d5b3"
}