{
    "src/addons/FS/AuctionPlugin/addon.json": "07c29a6d3fb0f832f1ef3a49955369b57b275b677f6d298305c5602d20fff805",
    "src/addons/FS/AuctionPlugin/Admin/Controller/Auction.php": "ccc233dc7b8386808784260124964006d63fa86c4d1cb6cf8742fcad58ee3789",
    "src/addons/FS/AuctionPlugin/Admin/Controller/Category.php": "744ef5f353585d2865294af26e7fc3ce388262ddd2991a0358f3d15529a22769",
    "src/addons/FS/AuctionPlugin/Admin/Controller/ShipsVia.php": "0106aadcdb5014f3c6f52bc04b5f841e2f88555519164e246535f25183d6841c",
    "src/addons/FS/AuctionPlugin/Admin/Controller/ShipTerms.php": "79d25c05eb26f83641779b9725a025cd4ddf083894d3abea294f87f1c1ebc50f",
    "src/addons/FS/AuctionPlugin/Attachment/Bidding.php": "8f9a807c3ad8b5534b026e39ca0a53d829b1ee00d11772248e8ccd0124a650ab",
    "src/addons/FS/AuctionPlugin/Attachment/OwnerPage.php": "d274acd9bdb12220e9ad24f66725212776a9a0bcf0378b64456873799d86abd2",
    "src/addons/FS/AuctionPlugin/ControllerPlugin/CategoryTree.php": "8087dd6e25010dbf2b189f6fbc73b080e5bb15a797700e4f3b4076246873e7ed",
    "src/addons/FS/AuctionPlugin/ControllerPlugin/Overview.php": "0b773f982be3248140650a3a8ca0422d342794fb56bd919404e833d6ab383636",
    "src/addons/FS/AuctionPlugin/Entity/Bidding.php": "5a885bbe3fa4b94064d3af94e554cb9cfad52ad1cc5a353a0821ccd47ed0fdab",
    "src/addons/FS/AuctionPlugin/Entity/Category.php": "8c5eedc284904c71404fcf0cf6a5c5e40147ee89a70042e4e11548832efb7cfe",
    "src/addons/FS/AuctionPlugin/Entity/ShipsVia.php": "575ebc13eb929412107a6868e9586c3fcdc4bbbc4a5afe114d9957ae817b7270",
    "src/addons/FS/AuctionPlugin/Entity/ShipTerms.php": "7093a55d2e7d6ab887ad7164780616c48466d5b6c06ecacd33cba9e66c2dd30e",
    "src/addons/FS/AuctionPlugin/Install/Data/MySql.php": "0cfb59c63a48ee9d51a2c940640f7eae5fcd8b4ef7263af27487fee19d2517a6",
    "src/addons/FS/AuctionPlugin/Pub/Controller/Auction.php": "d75db2b44e496422118b8c4120329dde151deadce120fe245b6e0a6a6f596452",
    "src/addons/FS/AuctionPlugin/Pub/Controller/Bidding.php": "b62b2f9f4e768d972a27fb54733b88e68308525f235ff86429b46dda76c1c918",
    "src/addons/FS/AuctionPlugin/Pub/Controller/Category.php": "3217176c3c61cf095267350296eb0a4140cac700f2fcd79e1fc233ea0ede37d9",
    "src/addons/FS/AuctionPlugin/Repository/Bidding.php": "eeb50d311a6fbeab41796805940db13d5aaf3132d913d2a111388fa0f618fae3",
    "src/addons/FS/AuctionPlugin/Repository/Category.php": "92d7eea819657d84424766fefba5c5018b6f922cb827fa0479e6aa055f3c6e9a",
    "src/addons/FS/AuctionPlugin/Setup.php": "48e1558b4c025c51aff52dd5fa916562c75ccbf9da3bcac558eaf974b022fed1",
    "src/addons/FS/AuctionPlugin/XF/Entity/Bidding.php": "e471e9a9034a85e6adc8730c1f8ed439bd495a7c314202bc87d397f5c9434e3c",
    "src/addons/FS/AuctionPlugin/XF/Entity/Forum.php": "10f811a526c460d3f48a939d841ecd186afdbfed5c2d3b898df0d9cf6b88c7c0",
    "src/addons/FS/AuctionPlugin/_data/activity_summary_definitions.xml": "99d8c2563a31320d66f958fc8bda78613545f5f7959bb3cf5318805e3a3c39d2",
    "src/addons/FS/AuctionPlugin/_data/admin_navigation.xml": "b168b16dccd014ec471d39776c7e0a61dea94301a4e3e31fc22396b42b79fe88",
    "src/addons/FS/AuctionPlugin/_data/admin_permission.xml": "ec6fb97cebf0bceb24f1ed1d5778c1db54eeb7535fbb3e31d824840e7aa9ff87",
    "src/addons/FS/AuctionPlugin/_data/advertising_positions.xml": "d2f7cbe844bb1df3cf878d22ff6306249245c8ff6b0b87b9b729744bec538261",
    "src/addons/FS/AuctionPlugin/_data/api_scopes.xml": "6793eaf758f140e8137187ba20e65f4faccf53410433ae3ad7a8b3b38cb6b3b7",
    "src/addons/FS/AuctionPlugin/_data/bb_codes.xml": "faa4ddd5f4a365e5ac39aebdcbe2d25aedf74e7eb9ea4a812766e2fd5e13bdb1",
    "src/addons/FS/AuctionPlugin/_data/bb_code_media_sites.xml": "29762987990187b33e43cfb68c08dc917b2d3f0176613d78f8e6c453f82da3f3",
    "src/addons/FS/AuctionPlugin/_data/class_extensions.xml": "1f548b8006e9952a3f5889f71e09fdfa6726ac1a47c1af7b2626d1a88920d5a4",
    "src/addons/FS/AuctionPlugin/_data/code_events.xml": "8370dec3df47f91df4cf79da253446ad11b29f4ea568fe76c774e97a0379f0eb",
    "src/addons/FS/AuctionPlugin/_data/code_event_listeners.xml": "d6b5072f4909dee7a20ee9e44b163f95c8aa52e6ac7f573e292000cd9238c331",
    "src/addons/FS/AuctionPlugin/_data/content_type_fields.xml": "5d8a18e76794090bb7bb99393be4cf91a6bc923b5612fd598013d8135a4c7a06",
    "src/addons/FS/AuctionPlugin/_data/cron.xml": "323c4284742ef24329cd6db6f288eb9736d2353f36852e1db12591e1583aea26",
    "src/addons/FS/AuctionPlugin/_data/help_pages.xml": "a8a0c0b06cdc550438bc8a8d385af3e1e5ab3459877dfb934c1c31be59c89163",
    "src/addons/FS/AuctionPlugin/_data/member_stats.xml": "89fb2b93ff1eca7a1f6f752248edf6090dfd24037db1446fd18ff7143f08124d",
    "src/addons/FS/AuctionPlugin/_data/navigation.xml": "cda0e1fa693f5e11ba50ab0f99cec4ea1b1e9f4ce97e83c9f087ede5005ff943",
    "src/addons/FS/AuctionPlugin/_data/options.xml": "da03899dc1b3dd9ecc7de49f43eef272f29dbc4060e9c11dd9cc28de32b71ef2",
    "src/addons/FS/AuctionPlugin/_data/option_groups.xml": "2b7e3eb644666268e959d1d623246cb2042fea48a79e3c187f1bbc519fbabcb5",
    "src/addons/FS/AuctionPlugin/_data/permissions.xml": "7e4fc7d5826733d15ea2d8936b9bdd41afcaad810eb38e50da3c8d8eafda1550",
    "src/addons/FS/AuctionPlugin/_data/permission_interface_groups.xml": "04e477e1df1746f3405cc0543289921b900be3ec5d0d5c717ba9e5acdbbe3b17",
    "src/addons/FS/AuctionPlugin/_data/phrases.xml": "28d458fbabdb19f83166ee8182cd38894c4b1577265780a51cc54bb63592a975",
    "src/addons/FS/AuctionPlugin/_data/routes.xml": "d1df3ad16371b5eff39986df65cf3890748b7f2f01a7b2c165f95809a8c2d783",
    "src/addons/FS/AuctionPlugin/_data/style_properties.xml": "8b8690a8512f01f219dd2da76e3d0c5f62afc1f317b87794a7331c859c36a7a8",
    "src/addons/FS/AuctionPlugin/_data/style_property_groups.xml": "68e1879cb3846c42d978487aa8d5145ff3335fc39e58016878824d5cf3fd684c",
    "src/addons/FS/AuctionPlugin/_data/templates.xml": "7a0fa6b74a9cc75aedf49500f20aba63917f615c993c990f5bc24d61259b99ff",
    "src/addons/FS/AuctionPlugin/_data/template_modifications.xml": "ea0a19996ae5b7a917a4fba917da34de8fb2a75997d0d5be31508562d5974d42",
    "src/addons/FS/AuctionPlugin/_data/widget_definitions.xml": "37e46965256430f24004c2e7f08ba08f9b0d1cbcc4d70e84b3f4e3ffb713e64b",
    "src/addons/FS/AuctionPlugin/_data/widget_positions.xml": "a29cee66134f6bc5d75ed9df1eef21096c24401915c5b5c774389c3d7bb2d5b3"
}