{
    "src/addons/FS/AuctionPlugin/addon.json": "07c29a6d3fb0f832f1ef3a49955369b57b275b677f6d298305c5602d20fff805",
    "src/addons/FS/AuctionPlugin/Admin/Controller/Auction.php": "ccc233dc7b8386808784260124964006d63fa86c4d1cb6cf8742fcad58ee3789",
    "src/addons/FS/AuctionPlugin/Admin/Controller/Category.php": "afd006cab5a57d448406078b3402d7e4bdd36889f315b587310dc0f535827fc4",
    "src/addons/FS/AuctionPlugin/Admin/Controller/ShipsVia.php": "0106aadcdb5014f3c6f52bc04b5f841e2f88555519164e246535f25183d6841c",
    "src/addons/FS/AuctionPlugin/Admin/Controller/ShipTerms.php": "79d25c05eb26f83641779b9725a025cd4ddf083894d3abea294f87f1c1ebc50f",
    "src/addons/FS/AuctionPlugin/Attachment/AuctionListing.php": "2522015aa9fdeea897def4e66f603422d86f91f81cf8ced9ae53c0a06f003b41",
    "src/addons/FS/AuctionPlugin/ControllerPlugin/CategoryTree.php": "8087dd6e25010dbf2b189f6fbc73b080e5bb15a797700e4f3b4076246873e7ed",
    "src/addons/FS/AuctionPlugin/Entity/AuctionListing.php": "aa959b9d4b1b1431ff08629d52a9bb3010fbc730e0fc5316b5326c99f3b6d09e",
    "src/addons/FS/AuctionPlugin/Entity/Category.php": "da640c8a8930d3efc7ac96affd7006807c504044b962f35a3ab6b871d6aef6d8",
    "src/addons/FS/AuctionPlugin/Entity/ShipsVia.php": "575ebc13eb929412107a6868e9586c3fcdc4bbbc4a5afe114d9957ae817b7270",
    "src/addons/FS/AuctionPlugin/Entity/ShipTerms.php": "7093a55d2e7d6ab887ad7164780616c48466d5b6c06ecacd33cba9e66c2dd30e",
    "src/addons/FS/AuctionPlugin/Install/Data/MySql.php": "4f13779c199618a2b135268dcf51db784d6ff05691d704c7722665fa39b7016f",
    "src/addons/FS/AuctionPlugin/Pub/Controller/Auction.php": "e107f0420b969b1b77acf43954b7f7ffaf881bbf754ab4a88e0bd2cee7771e4d",
    "src/addons/FS/AuctionPlugin/Pub/Controller/AuctionListing.php": "804678222ae1ca0def22766b0e9757d71936e33336ff5942d3914a3f1592fd96",
    "src/addons/FS/AuctionPlugin/Pub/Controller/Category.php": "3217176c3c61cf095267350296eb0a4140cac700f2fcd79e1fc233ea0ede37d9",
    "src/addons/FS/AuctionPlugin/Repository/AuctionListing.php": "37e191cddc1af1a12f33615dcbe2c42b21ab11913e027cc37f746ffa818de518",
    "src/addons/FS/AuctionPlugin/Repository/Category.php": "f6c1aa4694f47b4ed4767b2f73aab135aa63ecd8ee7b038d11d0ddc1a0b84836",
    "src/addons/FS/AuctionPlugin/Setup.php": "878fe558e7ee17ecb069dec978880059cf6c0510142919437fbaf8329ab87c6e",
    "src/addons/FS/AuctionPlugin/_data/activity_summary_definitions.xml": "99d8c2563a31320d66f958fc8bda78613545f5f7959bb3cf5318805e3a3c39d2",
    "src/addons/FS/AuctionPlugin/_data/admin_navigation.xml": "b168b16dccd014ec471d39776c7e0a61dea94301a4e3e31fc22396b42b79fe88",
    "src/addons/FS/AuctionPlugin/_data/admin_permission.xml": "ec6fb97cebf0bceb24f1ed1d5778c1db54eeb7535fbb3e31d824840e7aa9ff87",
    "src/addons/FS/AuctionPlugin/_data/advertising_positions.xml": "d2f7cbe844bb1df3cf878d22ff6306249245c8ff6b0b87b9b729744bec538261",
    "src/addons/FS/AuctionPlugin/_data/api_scopes.xml": "6793eaf758f140e8137187ba20e65f4faccf53410433ae3ad7a8b3b38cb6b3b7",
    "src/addons/FS/AuctionPlugin/_data/bb_codes.xml": "faa4ddd5f4a365e5ac39aebdcbe2d25aedf74e7eb9ea4a812766e2fd5e13bdb1",
    "src/addons/FS/AuctionPlugin/_data/bb_code_media_sites.xml": "29762987990187b33e43cfb68c08dc917b2d3f0176613d78f8e6c453f82da3f3",
    "src/addons/FS/AuctionPlugin/_data/class_extensions.xml": "1f548b8006e9952a3f5889f71e09fdfa6726ac1a47c1af7b2626d1a88920d5a4",
    "src/addons/FS/AuctionPlugin/_data/code_events.xml": "8370dec3df47f91df4cf79da253446ad11b29f4ea568fe76c774e97a0379f0eb",
    "src/addons/FS/AuctionPlugin/_data/code_event_listeners.xml": "d6b5072f4909dee7a20ee9e44b163f95c8aa52e6ac7f573e292000cd9238c331",
    "src/addons/FS/AuctionPlugin/_data/content_type_fields.xml": "c291c107d2510c26becdfd24b2f15227ffcd8fb6edbd3df388e08f6c96ccc5a0",
    "src/addons/FS/AuctionPlugin/_data/cron.xml": "323c4284742ef24329cd6db6f288eb9736d2353f36852e1db12591e1583aea26",
    "src/addons/FS/AuctionPlugin/_data/help_pages.xml": "a8a0c0b06cdc550438bc8a8d385af3e1e5ab3459877dfb934c1c31be59c89163",
    "src/addons/FS/AuctionPlugin/_data/member_stats.xml": "89fb2b93ff1eca7a1f6f752248edf6090dfd24037db1446fd18ff7143f08124d",
    "src/addons/FS/AuctionPlugin/_data/navigation.xml": "cda0e1fa693f5e11ba50ab0f99cec4ea1b1e9f4ce97e83c9f087ede5005ff943",
    "src/addons/FS/AuctionPlugin/_data/options.xml": "b151d48538ab556fbe99b765df5fcb074873a705fcbcadde9392f8b2ff6c622b",
    "src/addons/FS/AuctionPlugin/_data/option_groups.xml": "2b7e3eb644666268e959d1d623246cb2042fea48a79e3c187f1bbc519fbabcb5",
    "src/addons/FS/AuctionPlugin/_data/permissions.xml": "7e4fc7d5826733d15ea2d8936b9bdd41afcaad810eb38e50da3c8d8eafda1550",
    "src/addons/FS/AuctionPlugin/_data/permission_interface_groups.xml": "04e477e1df1746f3405cc0543289921b900be3ec5d0d5c717ba9e5acdbbe3b17",
    "src/addons/FS/AuctionPlugin/_data/phrases.xml": "b546cfad6044d4159af27998c9eb6e6be6866993f0884066ef8856ff73f798fa",
    "src/addons/FS/AuctionPlugin/_data/routes.xml": "c1e4d6a0b19597ff266432cfae28f9e02ff25d888c0a0e0bf7632b7d38b4be35",
    "src/addons/FS/AuctionPlugin/_data/style_properties.xml": "8b8690a8512f01f219dd2da76e3d0c5f62afc1f317b87794a7331c859c36a7a8",
    "src/addons/FS/AuctionPlugin/_data/style_property_groups.xml": "68e1879cb3846c42d978487aa8d5145ff3335fc39e58016878824d5cf3fd684c",
    "src/addons/FS/AuctionPlugin/_data/templates.xml": "bd988771ebc448a166c100c83aa4ac008cfcacb9d04d6c550a564ba5846cd333",
    "src/addons/FS/AuctionPlugin/_data/template_modifications.xml": "ea0a19996ae5b7a917a4fba917da34de8fb2a75997d0d5be31508562d5974d42",
    "src/addons/FS/AuctionPlugin/_data/widget_definitions.xml": "37e46965256430f24004c2e7f08ba08f9b0d1cbcc4d70e84b3f4e3ffb713e64b",
    "src/addons/FS/AuctionPlugin/_data/widget_positions.xml": "a29cee66134f6bc5d75ed9df1eef21096c24401915c5b5c774389c3d7bb2d5b3"
}