{
    "src/addons/FS/AuctionPlugin/addon.json": "07c29a6d3fb0f832f1ef3a49955369b57b275b677f6d298305c5602d20fff805",
    "src/addons/FS/AuctionPlugin/Admin/Controller/Auction.php": "ccc233dc7b8386808784260124964006d63fa86c4d1cb6cf8742fcad58ee3789",
    "src/addons/FS/AuctionPlugin/Admin/Controller/Category.php": "744ef5f353585d2865294af26e7fc3ce388262ddd2991a0358f3d15529a22769",
    "src/addons/FS/AuctionPlugin/Admin/Controller/ShipsVia.php": "0106aadcdb5014f3c6f52bc04b5f841e2f88555519164e246535f25183d6841c",
    "src/addons/FS/AuctionPlugin/Admin/Controller/ShipTerms.php": "79d25c05eb26f83641779b9725a025cd4ddf083894d3abea294f87f1c1ebc50f",
    "src/addons/FS/AuctionPlugin/ControllerPlugin/CategoryTree.php": "8087dd6e25010dbf2b189f6fbc73b080e5bb15a797700e4f3b4076246873e7ed",
    "src/addons/FS/AuctionPlugin/ControllerPlugin/Overview.php": "0b773f982be3248140650a3a8ca0422d342794fb56bd919404e833d6ab383636",
    "src/addons/FS/AuctionPlugin/Entity/Bidding.php": "cdc7108fd320e30f55461da58db1b1417b32814ae68b41011a3dbefb3aba39fb",
    "src/addons/FS/AuctionPlugin/Entity/Category.php": "8c5eedc284904c71404fcf0cf6a5c5e40147ee89a70042e4e11548832efb7cfe",
    "src/addons/FS/AuctionPlugin/Entity/ShipsVia.php": "575ebc13eb929412107a6868e9586c3fcdc4bbbc4a5afe114d9957ae817b7270",
    "src/addons/FS/AuctionPlugin/Entity/ShipTerms.php": "7093a55d2e7d6ab887ad7164780616c48466d5b6c06ecacd33cba9e66c2dd30e",
    "src/addons/FS/AuctionPlugin/Install/Data/MySql.php": "6c0f0d1838d9e03b203c2ad13b960c6057443bd34d3d03298f6e67e916c0ce31",
    "src/addons/FS/AuctionPlugin/Pub/Controller/Auction.php": "21408018929e341fe44456710938fae6865bbc95584c799408459b75a6b0dfc0",
    "src/addons/FS/AuctionPlugin/Pub/Controller/Bidding.php": "6485a7a40871e709578ff0082d01dfc4433e4d62f0ed06859a735da4025a7f2f",
    "src/addons/FS/AuctionPlugin/Pub/Controller/Category.php": "0c085e4e51866572752bb0a9bb4f6a2f60b878f85b1fb1dfff812adcd54a9ad5",
    "src/addons/FS/AuctionPlugin/Repository/Category.php": "47ed25ca64506dfc397b66b1ec05eb2cd565aed3d064a17a06d65fde9d1b45ca",
    "src/addons/FS/AuctionPlugin/Setup.php": "4a7e1b775585d99d950c8799a2292bca0fa38e9244217edf5e907e405370b6c5",
    "src/addons/FS/AuctionPlugin/XF/Admin/Controller/Forum.php": "49ad4a3cac910bc531edb436b6a4e2096faee70d6e5851e144de64a8ca89a208",
    "src/addons/FS/AuctionPlugin/XF/Admin/Controller/User.php": "f27e9410b4134f32e645657bd214e368edce2e9f828845a906637611c6a520a8",
    "src/addons/FS/AuctionPlugin/XF/Entity/Bidding.php": "e471e9a9034a85e6adc8730c1f8ed439bd495a7c314202bc87d397f5c9434e3c",
    "src/addons/FS/AuctionPlugin/XF/Entity/Forum.php": "10f811a526c460d3f48a939d841ecd186afdbfed5c2d3b898df0d9cf6b88c7c0",
    "src/addons/FS/AuctionPlugin/XF/Entity/User.php": "9ad76568806600383752af4eab92684ae56722e9bda774128f96865c25e6c1cc",
    "src/addons/FS/AuctionPlugin/XF/Pub/Controller/Member.php": "748bb995d48dc461c0c5e9b38a11456a62dd0d86bf848a7d03d5ea564a12f4f6",
    "src/addons/FS/AuctionPlugin/XF/Pub/Controller/Watched.php": "6e18425fd2324ac193d35e5b89ea191e7bb82c5686e64b4e4d7e896a4d931628",
    "src/addons/FS/AuctionPlugin/_data/activity_summary_definitions.xml": "99d8c2563a31320d66f958fc8bda78613545f5f7959bb3cf5318805e3a3c39d2",
    "src/addons/FS/AuctionPlugin/_data/admin_navigation.xml": "b168b16dccd014ec471d39776c7e0a61dea94301a4e3e31fc22396b42b79fe88",
    "src/addons/FS/AuctionPlugin/_data/admin_permission.xml": "ec6fb97cebf0bceb24f1ed1d5778c1db54eeb7535fbb3e31d824840e7aa9ff87",
    "src/addons/FS/AuctionPlugin/_data/advertising_positions.xml": "d2f7cbe844bb1df3cf878d22ff6306249245c8ff6b0b87b9b729744bec538261",
    "src/addons/FS/AuctionPlugin/_data/api_scopes.xml": "6793eaf758f140e8137187ba20e65f4faccf53410433ae3ad7a8b3b38cb6b3b7",
    "src/addons/FS/AuctionPlugin/_data/bb_codes.xml": "faa4ddd5f4a365e5ac39aebdcbe2d25aedf74e7eb9ea4a812766e2fd5e13bdb1",
    "src/addons/FS/AuctionPlugin/_data/bb_code_media_sites.xml": "29762987990187b33e43cfb68c08dc917b2d3f0176613d78f8e6c453f82da3f3",
    "src/addons/FS/AuctionPlugin/_data/class_extensions.xml": "1f548b8006e9952a3f5889f71e09fdfa6726ac1a47c1af7b2626d1a88920d5a4",
    "src/addons/FS/AuctionPlugin/_data/code_events.xml": "8370dec3df47f91df4cf79da253446ad11b29f4ea568fe76c774e97a0379f0eb",
    "src/addons/FS/AuctionPlugin/_data/code_event_listeners.xml": "d6b5072f4909dee7a20ee9e44b163f95c8aa52e6ac7f573e292000cd9238c331",
    "src/addons/FS/AuctionPlugin/_data/content_type_fields.xml": "c7ad5472b28f465b7ac7617627707eba1b7a39d28089460d52e1ed292fc0b06a",
    "src/addons/FS/AuctionPlugin/_data/cron.xml": "323c4284742ef24329cd6db6f288eb9736d2353f36852e1db12591e1583aea26",
    "src/addons/FS/AuctionPlugin/_data/help_pages.xml": "a8a0c0b06cdc550438bc8a8d385af3e1e5ab3459877dfb934c1c31be59c89163",
    "src/addons/FS/AuctionPlugin/_data/member_stats.xml": "89fb2b93ff1eca7a1f6f752248edf6090dfd24037db1446fd18ff7143f08124d",
    "src/addons/FS/AuctionPlugin/_data/navigation.xml": "cda0e1fa693f5e11ba50ab0f99cec4ea1b1e9f4ce97e83c9f087ede5005ff943",
    "src/addons/FS/AuctionPlugin/_data/options.xml": "3ab69252be5ab69475328868cb778613a4b7e1871d179687439dcb071fb3ff14",
    "src/addons/FS/AuctionPlugin/_data/option_groups.xml": "2b7e3eb644666268e959d1d623246cb2042fea48a79e3c187f1bbc519fbabcb5",
    "src/addons/FS/AuctionPlugin/_data/permissions.xml": "7e4fc7d5826733d15ea2d8936b9bdd41afcaad810eb38e50da3c8d8eafda1550",
    "src/addons/FS/AuctionPlugin/_data/permission_interface_groups.xml": "04e477e1df1746f3405cc0543289921b900be3ec5d0d5c717ba9e5acdbbe3b17",
    "src/addons/FS/AuctionPlugin/_data/phrases.xml": "544f357da93683f186b7944a4bdf3be65dfe3df85362b0d7a177fb336ca4278c",
    "src/addons/FS/AuctionPlugin/_data/routes.xml": "799ffd5cc4445bcdd0c5abc86c9351912d847106ef289cb46bb8eb0671b12045",
    "src/addons/FS/AuctionPlugin/_data/style_properties.xml": "8b8690a8512f01f219dd2da76e3d0c5f62afc1f317b87794a7331c859c36a7a8",
    "src/addons/FS/AuctionPlugin/_data/style_property_groups.xml": "68e1879cb3846c42d978487aa8d5145ff3335fc39e58016878824d5cf3fd684c",
    "src/addons/FS/AuctionPlugin/_data/templates.xml": "ddfd640abf3d943dc50aba8407f0a74a02acdca8e6f77d1c7872b7e0aaf59afb",
    "src/addons/FS/AuctionPlugin/_data/template_modifications.xml": "ea0a19996ae5b7a917a4fba917da34de8fb2a75997d0d5be31508562d5974d42",
    "src/addons/FS/AuctionPlugin/_data/widget_definitions.xml": "37e46965256430f24004c2e7f08ba08f9b0d1cbcc4d70e84b3f4e3ffb713e64b",
    "src/addons/FS/AuctionPlugin/_data/widget_positions.xml": "a29cee66134f6bc5d75ed9df1eef21096c24401915c5b5c774389c3d7bb2d5b3"
}