{
    "src/addons/FS/AuctionPlugin/addon.json": "07c29a6d3fb0f832f1ef3a49955369b57b275b677f6d298305c5602d20fff805",
    "src/addons/FS/AuctionPlugin/Admin/Controller/Auction.php": "ccc233dc7b8386808784260124964006d63fa86c4d1cb6cf8742fcad58ee3789",
    "src/addons/FS/AuctionPlugin/Admin/Controller/Category.php": "240158831ca5f1c2cd6019e4033bd1e74009aaf952fe64b740ac6f135ffaf593",
    "src/addons/FS/AuctionPlugin/Admin/Controller/ShipsVia.php": "0106aadcdb5014f3c6f52bc04b5f841e2f88555519164e246535f25183d6841c",
    "src/addons/FS/AuctionPlugin/Admin/Controller/ShipTerms.php": "79d25c05eb26f83641779b9725a025cd4ddf083894d3abea294f87f1c1ebc50f",
    "src/addons/FS/AuctionPlugin/Attachment/AuctionListing.php": "2522015aa9fdeea897def4e66f603422d86f91f81cf8ced9ae53c0a06f003b41",
    "src/addons/FS/AuctionPlugin/ControllerPlugin/CategoryTree.php": "8087dd6e25010dbf2b189f6fbc73b080e5bb15a797700e4f3b4076246873e7ed",
    "src/addons/FS/AuctionPlugin/Entity/AuctionListing.php": "142f66190d62b91ae7aa3d08d1b514db6a8b5fe7b374dd6dec7a42636a962195",
    "src/addons/FS/AuctionPlugin/Entity/Bidding.php": "b1ca33a81f05def521c3fb9dba8788cd47fc5308286e2e250da90ed96bbd655f",
    "src/addons/FS/AuctionPlugin/Entity/Category.php": "369cf6f02e90bbf73f5c8198b11f0f3cbd865b0271d9a93dc24efa5f34f374c9",
    "src/addons/FS/AuctionPlugin/Entity/ShipsVia.php": "575ebc13eb929412107a6868e9586c3fcdc4bbbc4a5afe114d9957ae817b7270",
    "src/addons/FS/AuctionPlugin/Entity/ShipTerms.php": "7093a55d2e7d6ab887ad7164780616c48466d5b6c06ecacd33cba9e66c2dd30e",
    "src/addons/FS/AuctionPlugin/Install/Data/MySql.php": "1b109eb3973c00b0ab44f1817d1c579642037c1e3352c3f46086af6433d52f56",
    "src/addons/FS/AuctionPlugin/Pub/Controller/Auction.php": "2b6105c1813f02d0b7d06d756cd1ec361352baa9062021b5b8c5737341b35485",
    "src/addons/FS/AuctionPlugin/Pub/Controller/AuctionListing.php": "4f623dcb9d9168b0528fab9c5b773611226a879c0c5cf2c59051bb371a19a44f",
    "src/addons/FS/AuctionPlugin/Repository/AuctionListing.php": "37e191cddc1af1a12f33615dcbe2c42b21ab11913e027cc37f746ffa818de518",
    "src/addons/FS/AuctionPlugin/Repository/Category.php": "f6c1aa4694f47b4ed4767b2f73aab135aa63ecd8ee7b038d11d0ddc1a0b84836",
    "src/addons/FS/AuctionPlugin/Setup.php": "9107449bd408da6db7fcbb7cdddbe7ae38a09ea13b6cfabecc5c3e2dc6e3e81c",
    "src/addons/FS/AuctionPlugin/XF/Entity/User.php": "df3c4768fdb8828c95fe0cc89b6e37782e3f7275411c57fe75931d967acbdb84",
    "src/addons/FS/AuctionPlugin/_data/activity_summary_definitions.xml": "99d8c2563a31320d66f958fc8bda78613545f5f7959bb3cf5318805e3a3c39d2",
    "src/addons/FS/AuctionPlugin/_data/admin_navigation.xml": "b168b16dccd014ec471d39776c7e0a61dea94301a4e3e31fc22396b42b79fe88",
    "src/addons/FS/AuctionPlugin/_data/admin_permission.xml": "ec6fb97cebf0bceb24f1ed1d5778c1db54eeb7535fbb3e31d824840e7aa9ff87",
    "src/addons/FS/AuctionPlugin/_data/advertising_positions.xml": "d2f7cbe844bb1df3cf878d22ff6306249245c8ff6b0b87b9b729744bec538261",
    "src/addons/FS/AuctionPlugin/_data/api_scopes.xml": "6793eaf758f140e8137187ba20e65f4faccf53410433ae3ad7a8b3b38cb6b3b7",
    "src/addons/FS/AuctionPlugin/_data/bb_codes.xml": "faa4ddd5f4a365e5ac39aebdcbe2d25aedf74e7eb9ea4a812766e2fd5e13bdb1",
    "src/addons/FS/AuctionPlugin/_data/bb_code_media_sites.xml": "29762987990187b33e43cfb68c08dc917b2d3f0176613d78f8e6c453f82da3f3",
    "src/addons/FS/AuctionPlugin/_data/class_extensions.xml": "f3bca17b1e798633105319bab4b336096bf85ba75be18c208e58cb0fe32431cd",
    "src/addons/FS/AuctionPlugin/_data/code_events.xml": "8370dec3df47f91df4cf79da253446ad11b29f4ea568fe76c774e97a0379f0eb",
    "src/addons/FS/AuctionPlugin/_data/code_event_listeners.xml": "d6b5072f4909dee7a20ee9e44b163f95c8aa52e6ac7f573e292000cd9238c331",
    "src/addons/FS/AuctionPlugin/_data/content_type_fields.xml": "c291c107d2510c26becdfd24b2f15227ffcd8fb6edbd3df388e08f6c96ccc5a0",
    "src/addons/FS/AuctionPlugin/_data/cron.xml": "323c4284742ef24329cd6db6f288eb9736d2353f36852e1db12591e1583aea26",
    "src/addons/FS/AuctionPlugin/_data/help_pages.xml": "a8a0c0b06cdc550438bc8a8d385af3e1e5ab3459877dfb934c1c31be59c89163",
    "src/addons/FS/AuctionPlugin/_data/member_stats.xml": "89fb2b93ff1eca7a1f6f752248edf6090dfd24037db1446fd18ff7143f08124d",
    "src/addons/FS/AuctionPlugin/_data/navigation.xml": "db49757750201e09915899a99f282f49bc4c6515fdf086f6a4579456173b032c",
    "src/addons/FS/AuctionPlugin/_data/options.xml": "0950a93b432cf953a8c8617372f4133af3337bf0ce50a34456cbb0fc57ebfd15",
    "src/addons/FS/AuctionPlugin/_data/option_groups.xml": "2b7e3eb644666268e959d1d623246cb2042fea48a79e3c187f1bbc519fbabcb5",
    "src/addons/FS/AuctionPlugin/_data/permissions.xml": "7d536c9f795d05f480b72de860cb6b81f41a94077f0f2f2f980fdabdcd7544f5",
    "src/addons/FS/AuctionPlugin/_data/permission_interface_groups.xml": "0eb1659fe1008186a1af48fef555cac6bf24135eceab0f182cfb4015badf4931",
    "src/addons/FS/AuctionPlugin/_data/phrases.xml": "ab21295ffe0f8f5088e97dde9c767b5c12b2ac2e3fa0aef8354e2767d3db39ef",
    "src/addons/FS/AuctionPlugin/_data/routes.xml": "76f72171ab9b78702bcc9ebac935392bb89be4216ab9b2e1b0b308c42b1e199a",
    "src/addons/FS/AuctionPlugin/_data/style_properties.xml": "8b8690a8512f01f219dd2da76e3d0c5f62afc1f317b87794a7331c859c36a7a8",
    "src/addons/FS/AuctionPlugin/_data/style_property_groups.xml": "68e1879cb3846c42d978487aa8d5145ff3335fc39e58016878824d5cf3fd684c",
    "src/addons/FS/AuctionPlugin/_data/templates.xml": "a8db1581ecf19d6cedf56ff9e305e560cf632b1cc95fd497323cbe1fa6dc23d4",
    "src/addons/FS/AuctionPlugin/_data/template_modifications.xml": "ea0a19996ae5b7a917a4fba917da34de8fb2a75997d0d5be31508562d5974d42",
    "src/addons/FS/AuctionPlugin/_data/widget_definitions.xml": "37e46965256430f24004c2e7f08ba08f9b0d1cbcc4d70e84b3f4e3ffb713e64b",
    "src/addons/FS/AuctionPlugin/_data/widget_positions.xml": "a29cee66134f6bc5d75ed9df1eef21096c24401915c5b5c774389c3d7bb2d5b3",
    "styles/FS/AuctionPlugin/no_image.png": "c633d11188783aab0873c25bae5e9d397883c3b1b89c27aab763ba62f1d04bbf"
}