{
    "src/addons/XenBulletins/BrandHub/addon.json": "cc6776a4621e2a64a71d218a078fe6ea2bf0f5c82760278ae389ce2da360ea93",
    "src/addons/XenBulletins/BrandHub/Admin/Controller/Attachment.php": "7ade98a254357e7eb98c9bf276e09a41e4dff27611ee66e87bdac3a0490703ba",
    "src/addons/XenBulletins/BrandHub/Admin/Controller/Brand.php": "8f58f7c363acd8b160cec91b15d1cc143e7f5fa5c1b1dd01c4888c0307907b47",
    "src/addons/XenBulletins/BrandHub/Admin/Controller/Category.php": "fdf8d3f0f948b027526baebc26354575dbbdda4192c259102bd8d53275226c88",
    "src/addons/XenBulletins/BrandHub/Admin/Controller/Item.php": "c14a1c55081e1813bba028dd35ac8ace4ae81d418013a16cf6512d79c59e0dbf",
    "src/addons/XenBulletins/BrandHub/Admin/Controller/ItemField.php": "80626bdbf67d49e3870d0631622958c1332e1a3a2e2df482f698771a80f465c3",
    "src/addons/XenBulletins/BrandHub/Admin/View/Attachment/View.php": "418bf2a1947f347dc467d9f350c58e2493d6c75853ac7f2797befe58c016ff7e",
    "src/addons/XenBulletins/BrandHub/Alert/Item.php": "7afcb9249de48a9ce9b6455b51852f183abc4f24de34edd73a50459978b6831e",
    "src/addons/XenBulletins/BrandHub/Alert/Page.php": "c281fbcd8d16bab467e380ddae190ab969aae685e25a557bc36d9290094656e9",
    "src/addons/XenBulletins/BrandHub/Attachment/Item.php": "4d9710131ad575200a7ad9f9031343a8dd66c6f06ce06069df697b0fb1cf8207",
    "src/addons/XenBulletins/BrandHub/Attachment/OwnerPage.php": "d274acd9bdb12220e9ad24f66725212776a9a0bcf0378b64456873799d86abd2",
    "src/addons/XenBulletins/BrandHub/Bookmark/Item.php": "30b2938f50a4d3080b62827782808af81f0381b3a5cda8ba2be530c4677ffd07",
    "src/addons/XenBulletins/BrandHub/ControllerPlugin/FilmStrip.php": "0214bb579d68110d1867639133407b822d4deda98f99e6b1325d95a8706c68ca",
    "src/addons/XenBulletins/BrandHub/Entity/Attachment.php": "8e7878bbe0939135e42092ea8f60eb1bc70caf8e43dadd17dbb48841b55f5856",
    "src/addons/XenBulletins/BrandHub/Entity/Brand.php": "f85a663569db9d63f1832abcc5396806924dd71d099bb6ebc7b97b0677fa0cbf",
    "src/addons/XenBulletins/BrandHub/Entity/BrandDescription.php": "7f7f35841dc5bc019ed8f14d50ece750e4e2ac459a50dc0247dd06e8aeefc522",
    "src/addons/XenBulletins/BrandHub/Entity/Category.php": "c6d218fe315371f2fe894448a034cc48d0c9a7687dd82f7543fb28bacc4e5c93",
    "src/addons/XenBulletins/BrandHub/Entity/CategoryField.php": "7d4068d8a3b93201fee995b732396bf16ccf31f3830232ffda0a0edc5ebb6816",
    "src/addons/XenBulletins/BrandHub/Entity/CategoryOptions.php": "6d6b4b3418ed6a87a20e534613015c30e12694e948809849085e5aa0515fdf39",
    "src/addons/XenBulletins/BrandHub/Entity/Forum.php": "8341271a01b26d1096e97cc14dbaffb13afbfc8b6f01f6dbe1b143d82eb6f878",
    "src/addons/XenBulletins/BrandHub/Entity/Item.php": "db769dee3e2de59b307cddab12c14208b6184d1ddc72b677da4fb0296a910124",
    "src/addons/XenBulletins/BrandHub/Entity/ItemDescription.php": "7605f2b0193bc009271eedf5a7f560d6f8d5e40820a5643ebf77c9aa319f668e",
    "src/addons/XenBulletins/BrandHub/Entity/ItemField.php": "c4a3ed563bb9f3c12b387a074b2b08edd021859614167b305160a41d586fdba4",
    "src/addons/XenBulletins/BrandHub/Entity/ItemRating.php": "dcbf4a0a7b6c6cafea6d8df9d75268062e38c7ad50d19a59a2b4445b0aa4bcb3",
    "src/addons/XenBulletins/BrandHub/Entity/ItemSub.php": "832e94152d546b93e191e5abe07f911f014858c7f8b67c203d468c2c614aedf1",
    "src/addons/XenBulletins/BrandHub/Entity/OwnerPage.php": "974c0f871f91d4d09c2024a7dbbaee02835d7902b70669cb038db251d47adc5f",
    "src/addons/XenBulletins/BrandHub/Entity/PageCount.php": "9ca4c90f648030adbfbf88b30b0375be9e8ccd3284e620a4951d3241dc979b99",
    "src/addons/XenBulletins/BrandHub/Entity/PageDetail.php": "3b8f27ba5d45ef8806a8522778c8676e26fa03244250f14277e85679b19fb26d",
    "src/addons/XenBulletins/BrandHub/Entity/PageSub.php": "375ee804f6aa9e8e136d442787a5c7e76345dd989479c2a8be9b04cd95016d3c",
    "src/addons/XenBulletins/BrandHub/Entity/Thread.php": "d77a55b353c3aa9b9eca9e8ec3cec136730d445db628af39d76a769967134e8f",
    "src/addons/XenBulletins/BrandHub/Entity/User.php": "e89c2f17724d852627943c441bf1be33e5fb46d27919e56f160cf2178145a92e",
    "src/addons/XenBulletins/BrandHub/Helper.php": "05f3424ce800bbd6a038d8f3b74ca6424953af56cee62f084002246262c1fa1b",
    "src/addons/XenBulletins/BrandHub/InlineMod/Thread.php": "d7431f3128809f0695c987dc0316ac68bfe8fa4d499c52550d86fbf48e6cac74",
    "src/addons/XenBulletins/BrandHub/InlineMod/Thread/AssignItem.php": "989d7a3341ad7559c74e725ecd9c25c1b961cd78730b85aa8ef3057e54673ab1",
    "src/addons/XenBulletins/BrandHub/Install/Data/MySql.php": "afb0728ccc0df7aa58e84886d484c67599b1a74536a6f8713dd07980fe1912ca",
    "src/addons/XenBulletins/BrandHub/Listener.php": "2b135bb6801bc66a5e93ee0b04160db8b9c15e89ce7487021777ad7d692b7c48",
    "src/addons/XenBulletins/BrandHub/Pub/Controller/Attachment.php": "0755293d1f1bb5b92ed3d4a0db7d1d62a5c98be48ae09c8befc836cc6ededdcc",
    "src/addons/XenBulletins/BrandHub/Pub/Controller/Brands.php": "1ea6ef21648708d2fbe353f447307a1ec2638ce15cf867a36232ad43e93a7805",
    "src/addons/XenBulletins/BrandHub/Pub/Controller/Item.php": "c1f42c89578577fce3a5c0e798a1053cf35d2c94fc78a175670b2c98e2607eff",
    "src/addons/XenBulletins/BrandHub/Pub/Controller/ItemReview.php": "5f37787dab75e209f0df6d09f544ca1865e43326d32b49a881e85dcc5a45aeea",
    "src/addons/XenBulletins/BrandHub/Pub/Controller/OwnerPage.php": "f002e05ddfd74b6d956a419b6a02582bf1889a1f565e383028d617a8ce4edf05",
    "src/addons/XenBulletins/BrandHub/Reaction/Item.php": "15fd6a3303dc8f1c159ab35df97069e1411e75a26e31d0062678e3e4e5f8009c",
    "src/addons/XenBulletins/BrandHub/Reaction/Page.php": "56192b38be217dc8f4de96727bea74d3c75a2ba08573ade432305b1f5e86221e",
    "src/addons/XenBulletins/BrandHub/Repository/CategoryField.php": "2e7d46c30b3959d2c94561ba4f43ce6f28cbb7ed9926717cb5ca565d06988d67",
    "src/addons/XenBulletins/BrandHub/Repository/Item.php": "df764c9f59c63ddf9ac2981432c31bf4bf7ced4f021081b3520f7bdbad34e757",
    "src/addons/XenBulletins/BrandHub/Repository/ItemField.php": "9a16faa473d10a8ee48cb3c378b194c19d3f6006fb1573ce09d0e63951b58aea",
    "src/addons/XenBulletins/BrandHub/Repository/ItemRating.php": "ac503a6882184d223bb6ec498c913c2b7bff1fd24e2b3496400871f36b97f2f1",
    "src/addons/XenBulletins/BrandHub/Repository/OwnerPage.php": "01341cf2c9698cbc94295df7c9c709e547ca64f02ceb1e707d957a3b34c49568",
    "src/addons/XenBulletins/BrandHub/Service/Item/Rate.php": "3bbe59e001316e362e387dbf19c28d954a836e10218784db2471221f131a08e2",
    "src/addons/XenBulletins/BrandHub/Service/ItemRating/Delete.php": "47775d8224045e88c7a8b768f951e68cb97057acbd37a386fb4baf32ecf6dc05",
    "src/addons/XenBulletins/BrandHub/Setup.php": "51569e0164ca027821ebd9b2664a7ca971944a990075fa2c076816a4d22850b7",
    "src/addons/XenBulletins/BrandHub/Widget/HighestRatedInCategory.php": "77d3b706528662dc2d7903e70a09c8d766d37c85228595477f4a5bb26268664a",
    "src/addons/XenBulletins/BrandHub/XF/Pub/Controller/Forum.php": "25576034f76d42cc8565b642e49efc1ba8d0e21c92d78924029fe292db168eb0",
    "src/addons/XenBulletins/BrandHub/XF/Pub/Controller/Member.php": "9d523e8aab3098e22a080ad8d5c2777395ff759b6ec51540d1fe19ccb5db25b2",
    "src/addons/XenBulletins/BrandHub/XF/Pub/Controller/Thread.php": "10dbb7ae13051e59b4d321377e418609af98f8946cc35cf951ed04335390f568",
    "src/addons/XenBulletins/BrandHub/_data/activity_summary_definitions.xml": "99d8c2563a31320d66f958fc8bda78613545f5f7959bb3cf5318805e3a3c39d2",
    "src/addons/XenBulletins/BrandHub/_data/admin_navigation.xml": "e801df88ec9d3c53da66a2cb4bcca51678416449b27b0ee3fe573589354d7515",
    "src/addons/XenBulletins/BrandHub/_data/admin_permission.xml": "ec6fb97cebf0bceb24f1ed1d5778c1db54eeb7535fbb3e31d824840e7aa9ff87",
    "src/addons/XenBulletins/BrandHub/_data/advertising_positions.xml": "d2f7cbe844bb1df3cf878d22ff6306249245c8ff6b0b87b9b729744bec538261",
    "src/addons/XenBulletins/BrandHub/_data/api_scopes.xml": "6793eaf758f140e8137187ba20e65f4faccf53410433ae3ad7a8b3b38cb6b3b7",
    "src/addons/XenBulletins/BrandHub/_data/bb_codes.xml": "faa4ddd5f4a365e5ac39aebdcbe2d25aedf74e7eb9ea4a812766e2fd5e13bdb1",
    "src/addons/XenBulletins/BrandHub/_data/bb_code_media_sites.xml": "29762987990187b33e43cfb68c08dc917b2d3f0176613d78f8e6c453f82da3f3",
    "src/addons/XenBulletins/BrandHub/_data/class_extensions.xml": "c6f8a9792cd49e62f77357036c10a136a60f1ebf917ad7d59435217b4b6ea356",
    "src/addons/XenBulletins/BrandHub/_data/code_events.xml": "8370dec3df47f91df4cf79da253446ad11b29f4ea568fe76c774e97a0379f0eb",
    "src/addons/XenBulletins/BrandHub/_data/code_event_listeners.xml": "e224202a3d3e4baa81cd4d1a5971466577403cedd0f066d65edfc63581f46d7b",
    "src/addons/XenBulletins/BrandHub/_data/content_type_fields.xml": "28e48799cff65aa2ccc6bf3b3f371e027aa11e1502c09d22260d281fb8792c0b",
    "src/addons/XenBulletins/BrandHub/_data/cron.xml": "323c4284742ef24329cd6db6f288eb9736d2353f36852e1db12591e1583aea26",
    "src/addons/XenBulletins/BrandHub/_data/help_pages.xml": "a8a0c0b06cdc550438bc8a8d385af3e1e5ab3459877dfb934c1c31be59c89163",
    "src/addons/XenBulletins/BrandHub/_data/member_stats.xml": "89fb2b93ff1eca7a1f6f752248edf6090dfd24037db1446fd18ff7143f08124d",
    "src/addons/XenBulletins/BrandHub/_data/navigation.xml": "ec074d033a3da61f5c776de2c04fe1923fd9c017ca05cbf7dfd32c23114c3577",
    "src/addons/XenBulletins/BrandHub/_data/options.xml": "b68c509b368a9074c84c0b083a6541b68fc01bd0a387807a2a531c365e946404",
    "src/addons/XenBulletins/BrandHub/_data/option_groups.xml": "9e437ea8a85bd505b332dcd296277d09a2113a1ebbfa896ceb3deeea6d9c9333",
    "src/addons/XenBulletins/BrandHub/_data/permissions.xml": "fdbdd309cb89b49d68d15d8b9d22830b9253164a9ffc50cb44b0914ba05acd60",
    "src/addons/XenBulletins/BrandHub/_data/permission_interface_groups.xml": "17d7ec8bd5136a11c80c12c26e6dad82b019282224919e48fdac73425804ed43",
    "src/addons/XenBulletins/BrandHub/_data/phrases.xml": "692bd1face418720a6fdb9a4f37c467b789d9053b781453da3b9b219cf367afc",
    "src/addons/XenBulletins/BrandHub/_data/routes.xml": "1801ff6f1b5b17fab2d79fea7140aaae50086c3353a674568e83fc346020e8c4",
    "src/addons/XenBulletins/BrandHub/_data/style_properties.xml": "8b8690a8512f01f219dd2da76e3d0c5f62afc1f317b87794a7331c859c36a7a8",
    "src/addons/XenBulletins/BrandHub/_data/style_property_groups.xml": "68e1879cb3846c42d978487aa8d5145ff3335fc39e58016878824d5cf3fd684c",
    "src/addons/XenBulletins/BrandHub/_data/templates.xml": "988ddfdda6282f1aa60c7aff5dd381adfa4eb3e3d045eddd2d9fd39b32f2e173",
    "src/addons/XenBulletins/BrandHub/_data/template_modifications.xml": "bb51938130791f4e26038e130e6fa7148e2707fb60d685e97c44e8ef13bcfd64",
    "src/addons/XenBulletins/BrandHub/_data/widget_definitions.xml": "444dce3751ca7b022e7c93f40ff64a2922d4228e7d2c1da5efe6932f3436811d",
    "src/addons/XenBulletins/BrandHub/_data/widget_positions.xml": "a29cee66134f6bc5d75ed9df1eef21096c24401915c5b5c774389c3d7bb2d5b3"
}