{
    "src/addons/FS/ScheduleBanUser/addon.json": "afed97980b38dbb704e43f746ca164aa462028578e85bbf479db87b3d2b2c487",
    "src/addons/FS/ScheduleBanUser/Cron/ScheduleBanUserCron.php": "9e1ce8e1479a1e9b934c5101d0a84ae089dee96e45654e73b5cf0857656e14e1",
    "src/addons/FS/ScheduleBanUser/Entity/ScheduleBanUser.php": "7dee07a9bd796cb16dfeb34c1753a1bf7173800c0eb706e0fc54073e7f531114",
    "src/addons/FS/ScheduleBanUser/Pub/Controller/scheduleBanUser.php": "7af965af8fc8b958f036df72cfb1b9fe9fc195197e3c3374a04f0f2a938bc5ad",
    "src/addons/FS/ScheduleBanUser/Setup.php": "46d3700d61853a34f92a69c64c14d5b3c67194aad56261ebac3edb47a133626e",
    "src/addons/FS/ScheduleBanUser/XF/Entity/User.php": "1e4e621f2666778141a28d294371f84827b90e410c2516813ab5a7c596588a6a",
    "src/addons/FS/ScheduleBanUser/_data/activity_summary_definitions.xml": "99d8c2563a31320d66f958fc8bda78613545f5f7959bb3cf5318805e3a3c39d2",
    "src/addons/FS/ScheduleBanUser/_data/admin_navigation.xml": "064ec797484ac00d5ee37367b50b06846d11f480d00550997712707f8fdac8c0",
    "src/addons/FS/ScheduleBanUser/_data/admin_permission.xml": "ec6fb97cebf0bceb24f1ed1d5778c1db54eeb7535fbb3e31d824840e7aa9ff87",
    "src/addons/FS/ScheduleBanUser/_data/advertising_positions.xml": "d2f7cbe844bb1df3cf878d22ff6306249245c8ff6b0b87b9b729744bec538261",
    "src/addons/FS/ScheduleBanUser/_data/api_scopes.xml": "6793eaf758f140e8137187ba20e65f4faccf53410433ae3ad7a8b3b38cb6b3b7",
    "src/addons/FS/ScheduleBanUser/_data/bb_codes.xml": "faa4ddd5f4a365e5ac39aebdcbe2d25aedf74e7eb9ea4a812766e2fd5e13bdb1",
    "src/addons/FS/ScheduleBanUser/_data/bb_code_media_sites.xml": "29762987990187b33e43cfb68c08dc917b2d3f0176613d78f8e6c453f82da3f3",
    "src/addons/FS/ScheduleBanUser/_data/class_extensions.xml": "127e8fc8e5f6c4f555b9e0aa989450575a5a1eba52cfa7cbe0a56957a7e1fb54",
    "src/addons/FS/ScheduleBanUser/_data/code_events.xml": "8370dec3df47f91df4cf79da253446ad11b29f4ea568fe76c774e97a0379f0eb",
    "src/addons/FS/ScheduleBanUser/_data/code_event_listeners.xml": "d6b5072f4909dee7a20ee9e44b163f95c8aa52e6ac7f573e292000cd9238c331",
    "src/addons/FS/ScheduleBanUser/_data/content_type_fields.xml": "c7ad5472b28f465b7ac7617627707eba1b7a39d28089460d52e1ed292fc0b06a",
    "src/addons/FS/ScheduleBanUser/_data/cron.xml": "a6928c47ed02dab808f5acaa2ce82dbdf3673356dada0c2b53e0d84434ded547",
    "src/addons/FS/ScheduleBanUser/_data/help_pages.xml": "a8a0c0b06cdc550438bc8a8d385af3e1e5ab3459877dfb934c1c31be59c89163",
    "src/addons/FS/ScheduleBanUser/_data/member_stats.xml": "89fb2b93ff1eca7a1f6f752248edf6090dfd24037db1446fd18ff7143f08124d",
    "src/addons/FS/ScheduleBanUser/_data/navigation.xml": "f75e1c03a45a360bbdfcd0567121665082315068475d5b0feb8b1acbb1688651",
    "src/addons/FS/ScheduleBanUser/_data/options.xml": "1cea29aa5671733d85c8fc6f7c66128eacbca5643cbb38585eb82002879b51a4",
    "src/addons/FS/ScheduleBanUser/_data/option_groups.xml": "154d7a89664b243d0bd8227c22e241f934bf7e196c83230ee23d3c0c4fba1333",
    "src/addons/FS/ScheduleBanUser/_data/permissions.xml": "738b4ee5313dc2f08f458e190103ca7ea57c628c6f70d6faed7b3fc973966794",
    "src/addons/FS/ScheduleBanUser/_data/permission_interface_groups.xml": "3177224e96458b829aa7fb24866dda9e0455a4922aee3d669b53f59a1ffdf5d1",
    "src/addons/FS/ScheduleBanUser/_data/phrases.xml": "c186dacaee3b8f4201e938f0e88c345dca842f677147eee3e03e17db3adbd532",
    "src/addons/FS/ScheduleBanUser/_data/routes.xml": "a2422059ef7ef9436b4869f4ea0d260b0fef34312597041eaa1b82d09df14e21",
    "src/addons/FS/ScheduleBanUser/_data/style_properties.xml": "8b8690a8512f01f219dd2da76e3d0c5f62afc1f317b87794a7331c859c36a7a8",
    "src/addons/FS/ScheduleBanUser/_data/style_property_groups.xml": "68e1879cb3846c42d978487aa8d5145ff3335fc39e58016878824d5cf3fd684c",
    "src/addons/FS/ScheduleBanUser/_data/templates.xml": "9e77770d4e94e285bb566635d2d9f0fb810aeffb4dcff18baec7b87100d8505b",
    "src/addons/FS/ScheduleBanUser/_data/template_modifications.xml": "8f2d43ab16c6e98494abe076140419a4b4f064cff64853e32ae75ff7680aabcc",
    "src/addons/FS/ScheduleBanUser/_data/widget_definitions.xml": "37e46965256430f24004c2e7f08ba08f9b0d1cbcc4d70e84b3f4e3ffb713e64b",
    "src/addons/FS/ScheduleBanUser/_data/widget_positions.xml": "a29cee66134f6bc5d75ed9df1eef21096c24401915c5b5c774389c3d7bb2d5b3"
}