<?xml version="1.0" encoding="utf-8"?>
<bb_codes>
  <bb_code bb_code_id="fs_bunny" bb_code_mode="replace" has_option="no" trim_lines_after="0" plain_children="0" disable_smilies="0" disable_nl2br="0" disable_autolink="0" allow_empty="1" allow_signature="1" active="1">
    <replace_html><![CDATA[<div class="bbMediaWrapper">
	<div class="bbMediaWrapper-inner">
		<iframe src="https://iframe.mediadelivery.net/embed/160894/3766d3ff-e25b-4eef-8fa5-58bbc8837dd2?autoplay=true" loading="lazy" style="border: none; position: absolute; top: 0; height: 315; width: 560;" allow="accelerometer; gyroscope; autoplay; encrypted-media; picture-in-picture;" allowfullscreen="true"></iframe>
	
	</div>
</div>]]></replace_html>
    <replace_html_email><![CDATA[]]></replace_html_email>
    <replace_text><![CDATA[]]></replace_text>
  </bb_code>
</bb_codes>
