<?xml version="1.0" encoding="utf-8"?>
<templates>
  <template type="public" title="fs_buunyBBcodeRender" version_id="1000010" version_string="1.0.0 Alpha"><![CDATA[<div class="bbMediaWrapper">
	<div class="bbMediaWrapper-inner">
		<iframe src="https://iframe.mediadelivery.net/embed/{$libraryId}/{$videoId}?autoplay=false" loading="lazy" style="border: none; position: absolute; top: 0; height: 315; width: 560;" allow="accelerometer; gyroscope; autoplay; encrypted-media; picture-in-picture;" allowfullscreen="true"></iframe>
	
	</div>
</div>]]></template>
</templates>
