<?xml version="1.0" encoding="utf-8"?>
<template_modifications>
  <modification type="public" template="forum_post_thread" modification_key="fs_bunny_integration_add_upload_btn" description="fs_bunny_integration_add_upload_btn" execution_order="10" enabled="1" action="preg_replace">
    <find><![CDATA[/<xf:if is="\$attachmentData">.*?<\/xf:if>/is]]></find>
    <replace><![CDATA[$0

<xf:if is="{{ $xf.visitor.hasPermission('fs_bunny', 'allow') }}">
<span class="custom-file-upload">
	<label for="bunny_video" class="button button--link"><i class="fa fa-upload" aria-hidden="true" style="padding-right: 8px;"></i>{{ phrase('fs_bunny_upload_video') }}</label>
	<input type="file" id="bunny_video" name="bunny_video" accept=".mp4, .avi, .mov" style="display: none;" />
</span>
</xf:if>]]></replace>
  </modification>
</template_modifications>
