{
    "src/addons/XenBulletins/GlobalThreads/addon.json": "a6021dba1d1290393108a0b25e5a57942f9cb5db3de8c58ad42713293fa1025a",
    "src/addons/XenBulletins/GlobalThreads/Admin/Controller/Category.php": "13c22fefa5dfd81b74c4ca32eadacc4bb6971fa2e29ed554c52ba9038b5fe33f",
    "src/addons/XenBulletins/GlobalThreads/Admin/Controller/Forum.php": "fb02aae2e9ae8167a371164b52602c1ac38bf406748e629aa019e08a032591a1",
    "src/addons/XenBulletins/GlobalThreads/Entity/Node.php": "1b614787370aab27d162fb7d5ab77f8c87db5dfc0455e9f6287e3e9feba98fc3",
    "src/addons/XenBulletins/GlobalThreads/Listener.php": "b220fea42c0a5d64bc56b12a0cb33716b45115a0747596cce52057e7de552e74",
    "src/addons/XenBulletins/GlobalThreads/Setup.php": "1a0f7937cba57bd584134e2c568631c9929c2dc9ac8c7f479a088965051b5f19",
    "src/addons/XenBulletins/GlobalThreads/_data/activity_summary_definitions.xml": "99d8c2563a31320d66f958fc8bda78613545f5f7959bb3cf5318805e3a3c39d2",
    "src/addons/XenBulletins/GlobalThreads/_data/admin_navigation.xml": "064ec797484ac00d5ee37367b50b06846d11f480d00550997712707f8fdac8c0",
    "src/addons/XenBulletins/GlobalThreads/_data/admin_permission.xml": "ec6fb97cebf0bceb24f1ed1d5778c1db54eeb7535fbb3e31d824840e7aa9ff87",
    "src/addons/XenBulletins/GlobalThreads/_data/advertising_positions.xml": "d2f7cbe844bb1df3cf878d22ff6306249245c8ff6b0b87b9b729744bec538261",
    "src/addons/XenBulletins/GlobalThreads/_data/api_scopes.xml": "6793eaf758f140e8137187ba20e65f4faccf53410433ae3ad7a8b3b38cb6b3b7",
    "src/addons/XenBulletins/GlobalThreads/_data/bb_codes.xml": "faa4ddd5f4a365e5ac39aebdcbe2d25aedf74e7eb9ea4a812766e2fd5e13bdb1",
    "src/addons/XenBulletins/GlobalThreads/_data/bb_code_media_sites.xml": "29762987990187b33e43cfb68c08dc917b2d3f0176613d78f8e6c453f82da3f3",
    "src/addons/XenBulletins/GlobalThreads/_data/class_extensions.xml": "7e11d723e855301ffed3cfc7e8d18b7274a9b88faced51eb40051740933d196e",
    "src/addons/XenBulletins/GlobalThreads/_data/code_events.xml": "8370dec3df47f91df4cf79da253446ad11b29f4ea568fe76c774e97a0379f0eb",
    "src/addons/XenBulletins/GlobalThreads/_data/code_event_listeners.xml": "7df4b27fd3a350f148b5829be5089692f9c885ce7a4b01a925d67d26b6c7e706",
    "src/addons/XenBulletins/GlobalThreads/_data/content_type_fields.xml": "c7ad5472b28f465b7ac7617627707eba1b7a39d28089460d52e1ed292fc0b06a",
    "src/addons/XenBulletins/GlobalThreads/_data/cron.xml": "323c4284742ef24329cd6db6f288eb9736d2353f36852e1db12591e1583aea26",
    "src/addons/XenBulletins/GlobalThreads/_data/help_pages.xml": "a8a0c0b06cdc550438bc8a8d385af3e1e5ab3459877dfb934c1c31be59c89163",
    "src/addons/XenBulletins/GlobalThreads/_data/member_stats.xml": "89fb2b93ff1eca7a1f6f752248edf6090dfd24037db1446fd18ff7143f08124d",
    "src/addons/XenBulletins/GlobalThreads/_data/navigation.xml": "f75e1c03a45a360bbdfcd0567121665082315068475d5b0feb8b1acbb1688651",
    "src/addons/XenBulletins/GlobalThreads/_data/options.xml": "1cea29aa5671733d85c8fc6f7c66128eacbca5643cbb38585eb82002879b51a4",
    "src/addons/XenBulletins/GlobalThreads/_data/option_groups.xml": "154d7a89664b243d0bd8227c22e241f934bf7e196c83230ee23d3c0c4fba1333",
    "src/addons/XenBulletins/GlobalThreads/_data/permissions.xml": "7e4fc7d5826733d15ea2d8936b9bdd41afcaad810eb38e50da3c8d8eafda1550",
    "src/addons/XenBulletins/GlobalThreads/_data/permission_interface_groups.xml": "3177224e96458b829aa7fb24866dda9e0455a4922aee3d669b53f59a1ffdf5d1",
    "src/addons/XenBulletins/GlobalThreads/_data/phrases.xml": "d8aeb9c415341b0273df2902a19685299b5c2138c6b6cb77ea69859ef0f33501",
    "src/addons/XenBulletins/GlobalThreads/_data/routes.xml": "550fa64f9feedf137dd877b38c2684f94474619d2d83890dbb717a91b50da8f5",
    "src/addons/XenBulletins/GlobalThreads/_data/style_properties.xml": "8b8690a8512f01f219dd2da76e3d0c5f62afc1f317b87794a7331c859c36a7a8",
    "src/addons/XenBulletins/GlobalThreads/_data/style_property_groups.xml": "68e1879cb3846c42d978487aa8d5145ff3335fc39e58016878824d5cf3fd684c",
    "src/addons/XenBulletins/GlobalThreads/_data/templates.xml": "69fb0e88606655f295aafd6f32a31f643c063a1d48d305e321d1d7bc42c43603",
    "src/addons/XenBulletins/GlobalThreads/_data/template_modifications.xml": "06fb1fce8df59b5033c6c34036702781da714c584890d9c6bdcb1da3eb666adb",
    "src/addons/XenBulletins/GlobalThreads/_data/widget_definitions.xml": "37e46965256430f24004c2e7f08ba08f9b0d1cbcc4d70e84b3f4e3ffb713e64b",
    "src/addons/XenBulletins/GlobalThreads/_data/widget_positions.xml": "a29cee66134f6bc5d75ed9df1eef21096c24401915c5b5c774389c3d7bb2d5b3"
}