<?xml version="1.0" encoding="utf-8"?>
<options>
  <option option_id="Fs_NodeIcon_icon_subNodes" edit_format="onoff" data_type="boolean">
    <default_value>0</default_value>
    <relation group_id="Fs_NodeIcon" display_order="2"/>
  </option>
  <option option_id="Fs_NodeIcon_nodeDimensions" edit_format="template" data_type="array">
    <default_value>{"width":"48","height":"48"}</default_value>
    <edit_format_params>option_template_attachmentMaxDimensions</edit_format_params>
    <sub_options>width
height</sub_options>
    <relation group_id="Fs_NodeIcon" display_order="1"/>
  </option>
</options>
