{
    "src/addons/FS/UpdateUrl/addon.json": "03eed322b9bccebd0420f8a08b88a2f8c0ee0c3046041063ffc5e43fa72bcb25",
    "src/addons/FS/UpdateUrl/Pub/Controller/UpdateUrl.php": "82a0ee991d1129d10222b6a961af3f4032a1e607e28a3eb1a48a4b65dbe15c59",
    "src/addons/FS/UpdateUrl/Setup.php": "3dd0f98a55150da1203d1f1aceb271c04815aef2d3a13dec38b3aba35068da1e",
    "src/addons/FS/UpdateUrl/XF/Entity/Forum.php": "8899247bca1a04e5c97e14e39935f6eebcfea146054771d6f86b69f71437ba81",
    "src/addons/FS/UpdateUrl/XF/Entity/Thread.php": "a574dbfc9ea7a794bf893881ebef3677934aeaa7e463f5d91e4eb16a4db4deca",
    "src/addons/FS/UpdateUrl/XF/Pub/Controller/Forum.php": "72aeadc43edc06f2c0f919ab24791d3f330293bbb65fe44d5f795a694a59e570",
    "src/addons/FS/UpdateUrl/XF/Service/Thread/Creator.php": "283696d0ea9b8ec5d9641b6da9dce2d34f1a0e455bf1fdb312a46b4267266507",
    "src/addons/FS/UpdateUrl/_data/activity_summary_definitions.xml": "99d8c2563a31320d66f958fc8bda78613545f5f7959bb3cf5318805e3a3c39d2",
    "src/addons/FS/UpdateUrl/_data/admin_navigation.xml": "064ec797484ac00d5ee37367b50b06846d11f480d00550997712707f8fdac8c0",
    "src/addons/FS/UpdateUrl/_data/admin_permission.xml": "ec6fb97cebf0bceb24f1ed1d5778c1db54eeb7535fbb3e31d824840e7aa9ff87",
    "src/addons/FS/UpdateUrl/_data/advertising_positions.xml": "d2f7cbe844bb1df3cf878d22ff6306249245c8ff6b0b87b9b729744bec538261",
    "src/addons/FS/UpdateUrl/_data/api_scopes.xml": "6793eaf758f140e8137187ba20e65f4faccf53410433ae3ad7a8b3b38cb6b3b7",
    "src/addons/FS/UpdateUrl/_data/bb_codes.xml": "faa4ddd5f4a365e5ac39aebdcbe2d25aedf74e7eb9ea4a812766e2fd5e13bdb1",
    "src/addons/FS/UpdateUrl/_data/bb_code_media_sites.xml": "29762987990187b33e43cfb68c08dc917b2d3f0176613d78f8e6c453f82da3f3",
    "src/addons/FS/UpdateUrl/_data/class_extensions.xml": "040ba0bb4957b0731a1afd080663cdcad92deb3c3859765b550a8176dc453a24",
    "src/addons/FS/UpdateUrl/_data/code_events.xml": "8370dec3df47f91df4cf79da253446ad11b29f4ea568fe76c774e97a0379f0eb",
    "src/addons/FS/UpdateUrl/_data/code_event_listeners.xml": "d6b5072f4909dee7a20ee9e44b163f95c8aa52e6ac7f573e292000cd9238c331",
    "src/addons/FS/UpdateUrl/_data/content_type_fields.xml": "c7ad5472b28f465b7ac7617627707eba1b7a39d28089460d52e1ed292fc0b06a",
    "src/addons/FS/UpdateUrl/_data/cron.xml": "323c4284742ef24329cd6db6f288eb9736d2353f36852e1db12591e1583aea26",
    "src/addons/FS/UpdateUrl/_data/help_pages.xml": "a8a0c0b06cdc550438bc8a8d385af3e1e5ab3459877dfb934c1c31be59c89163",
    "src/addons/FS/UpdateUrl/_data/member_stats.xml": "89fb2b93ff1eca7a1f6f752248edf6090dfd24037db1446fd18ff7143f08124d",
    "src/addons/FS/UpdateUrl/_data/navigation.xml": "f75e1c03a45a360bbdfcd0567121665082315068475d5b0feb8b1acbb1688651",
    "src/addons/FS/UpdateUrl/_data/options.xml": "04cf62cfd1d6c775d086bfa705623d495d171cec55dc3b580ba8737c42fbff1e",
    "src/addons/FS/UpdateUrl/_data/option_groups.xml": "5b2555516ca0fbde63fb994f7454b063633542c704021c47a2dbcbc44e6eba1e",
    "src/addons/FS/UpdateUrl/_data/permissions.xml": "7e4fc7d5826733d15ea2d8936b9bdd41afcaad810eb38e50da3c8d8eafda1550",
    "src/addons/FS/UpdateUrl/_data/permission_interface_groups.xml": "3177224e96458b829aa7fb24866dda9e0455a4922aee3d669b53f59a1ffdf5d1",
    "src/addons/FS/UpdateUrl/_data/phrases.xml": "f2ca3c282f2e910e1fb095b7c143ae7c80e1e2e94ef4878b6b816420d4f2cdb9",
    "src/addons/FS/UpdateUrl/_data/routes.xml": "76dd28f3b7bb04d28439787278969c7da13946c2380e18708e793987c6227bdf",
    "src/addons/FS/UpdateUrl/_data/style_properties.xml": "8b8690a8512f01f219dd2da76e3d0c5f62afc1f317b87794a7331c859c36a7a8",
    "src/addons/FS/UpdateUrl/_data/style_property_groups.xml": "68e1879cb3846c42d978487aa8d5145ff3335fc39e58016878824d5cf3fd684c",
    "src/addons/FS/UpdateUrl/_data/templates.xml": "ecdc67b8f1f4a7deb1303a27acde8314014183ca354b124eb79d8c30e357cfbe",
    "src/addons/FS/UpdateUrl/_data/template_modifications.xml": "1c97d31e214f5d4c45efd7dabb0791840dbfba42a75c5ff14dd75094af426a4d",
    "src/addons/FS/UpdateUrl/_data/widget_definitions.xml": "37e46965256430f24004c2e7f08ba08f9b0d1cbcc4d70e84b3f4e3ffb713e64b",
    "src/addons/FS/UpdateUrl/_data/widget_positions.xml": "a29cee66134f6bc5d75ed9df1eef21096c24401915c5b5c774389c3d7bb2d5b3"
}