{
    "src/addons/FS/ForumGroups/addon.json": "1dda2c2f18a4c82e44b6285a365c118540dcee6e2808e6196f0e4b37fb8f4a2e",
    "src/addons/FS/ForumGroups/ApprovalQueue/GroupApproval.php": "d032e039da13cd9766b997607dec45dd5c941d4eafc34aa6d028ca2efcd2f91b",
    "src/addons/FS/ForumGroups/Attachment/ForumGroups.php": "730e89d50cfc875b1dc7e6f084f0597c4d94c158b6f9a207eafe70123b7c4c39",
    "src/addons/FS/ForumGroups/Pub/Controller/ForumGroups.php": "e8a07be01ce278aa73db5d12e49f22866881654d32daa84357f67d310d016d58",
    "src/addons/FS/ForumGroups/Service/ForumGroups/AbstractFormUpload.php": "1ee14c4079ab7d1402fcbaa83f0370bbfc31a7708a49faa09ba126225fbe9dd1",
    "src/addons/FS/ForumGroups/Service/ForumGroups/Approve.php": "0c86b2d0f0d02356be73008399df434ec02a70f977107581425238582449238c",
    "src/addons/FS/ForumGroups/Service/ForumGroups/Avatar.php": "3c198ba1fe599d4000983a5d5bd7a47fdcd0a93a6b8e216eaf4d43af5bf63bea",
    "src/addons/FS/ForumGroups/Service/ForumGroups/Cover.php": "58ba40ebbd865b185d9f66eb1838f19014b8c6f44fe978a7d317c0c88d78c5f8",
    "src/addons/FS/ForumGroups/Setup.php": "94b49f17e63dc133e75a4189e2d7649ca8d3cdae15f4da83b391b56fb383e9de",
    "src/addons/FS/ForumGroups/XF/Entity/Node.php": "1a8927d5a3e594deb772a952b6fe29c6167f3f7c9829937fa31a68c4ac409740",
    "src/addons/FS/ForumGroups/XF/Pub/Controller/Forum.php": "f3092bd55b0bbc1fa482d45d07c9d905f44e3a5869ed10e7c13ecadc97a7791d",
    "src/addons/FS/ForumGroups/_data/activity_summary_definitions.xml": "99d8c2563a31320d66f958fc8bda78613545f5f7959bb3cf5318805e3a3c39d2",
    "src/addons/FS/ForumGroups/_data/admin_navigation.xml": "064ec797484ac00d5ee37367b50b06846d11f480d00550997712707f8fdac8c0",
    "src/addons/FS/ForumGroups/_data/admin_permission.xml": "ec6fb97cebf0bceb24f1ed1d5778c1db54eeb7535fbb3e31d824840e7aa9ff87",
    "src/addons/FS/ForumGroups/_data/advertising_positions.xml": "d2f7cbe844bb1df3cf878d22ff6306249245c8ff6b0b87b9b729744bec538261",
    "src/addons/FS/ForumGroups/_data/api_scopes.xml": "6793eaf758f140e8137187ba20e65f4faccf53410433ae3ad7a8b3b38cb6b3b7",
    "src/addons/FS/ForumGroups/_data/bb_codes.xml": "faa4ddd5f4a365e5ac39aebdcbe2d25aedf74e7eb9ea4a812766e2fd5e13bdb1",
    "src/addons/FS/ForumGroups/_data/bb_code_media_sites.xml": "29762987990187b33e43cfb68c08dc917b2d3f0176613d78f8e6c453f82da3f3",
    "src/addons/FS/ForumGroups/_data/class_extensions.xml": "d0832782ab0153cefb4a15bde35584fc10fc7ec24bdeead372ac3d1c2c894fd0",
    "src/addons/FS/ForumGroups/_data/code_events.xml": "8370dec3df47f91df4cf79da253446ad11b29f4ea568fe76c774e97a0379f0eb",
    "src/addons/FS/ForumGroups/_data/code_event_listeners.xml": "d6b5072f4909dee7a20ee9e44b163f95c8aa52e6ac7f573e292000cd9238c331",
    "src/addons/FS/ForumGroups/_data/content_type_fields.xml": "1934516f2aaa0017decc5a0b652fe7277f0c9e8b3f052f622776a18d91b9f41e",
    "src/addons/FS/ForumGroups/_data/cron.xml": "323c4284742ef24329cd6db6f288eb9736d2353f36852e1db12591e1583aea26",
    "src/addons/FS/ForumGroups/_data/help_pages.xml": "a8a0c0b06cdc550438bc8a8d385af3e1e5ab3459877dfb934c1c31be59c89163",
    "src/addons/FS/ForumGroups/_data/member_stats.xml": "89fb2b93ff1eca7a1f6f752248edf6090dfd24037db1446fd18ff7143f08124d",
    "src/addons/FS/ForumGroups/_data/navigation.xml": "4fcdf052620945e31c365651f6818b6a1430116cb6c1117ef350db56b2f8448e",
    "src/addons/FS/ForumGroups/_data/options.xml": "1b2da738826a855d24debaad14be22ea47b6f3f5f0227bbdd9dbdf17d3a00744",
    "src/addons/FS/ForumGroups/_data/option_groups.xml": "1c4564a7c9695146c6e2ec66559d6dc73f5de611e5b02dda6c5c1d8d1efc46c5",
    "src/addons/FS/ForumGroups/_data/permissions.xml": "06bcb9943b46c1f91c5f3c1ecf94bd793391f9b9480eacc35a7f987b15bb519a",
    "src/addons/FS/ForumGroups/_data/permission_interface_groups.xml": "be65d7da72d2612c68e18c61e11688731c20d53c1d5bb34c5d82e4a189cf440b",
    "src/addons/FS/ForumGroups/_data/phrases.xml": "289da1e9236733c29dbc1e1ebd07f5d67a0f70b8d337e34e9b83cf1576467849",
    "src/addons/FS/ForumGroups/_data/routes.xml": "47fe6550d42f56a765f78d46dc724b88db6372df83f937fdde21702f1f9467eb",
    "src/addons/FS/ForumGroups/_data/style_properties.xml": "ee012672c85bef6bc57670d2978eca310ae8c82aefeac66f1096482758647c4d",
    "src/addons/FS/ForumGroups/_data/style_property_groups.xml": "fcda9383791329038e2f21cabbd5f979ee6bdc8c6b44c91bbbb6db96b9e5a322",
    "src/addons/FS/ForumGroups/_data/templates.xml": "530dfd9c6b876d4b16aa28833c538bd734b920cd598b1ec159895276f0b84bbf",
    "src/addons/FS/ForumGroups/_data/template_modifications.xml": "2828407d2c9a1cd133ee20ea21f132101a81d6e23c3885038acc93bfe244b952",
    "src/addons/FS/ForumGroups/_data/widget_definitions.xml": "37e46965256430f24004c2e7f08ba08f9b0d1cbcc4d70e84b3f4e3ffb713e64b",
    "src/addons/FS/ForumGroups/_data/widget_positions.xml": "a29cee66134f6bc5d75ed9df1eef21096c24401915c5b5c774389c3d7bb2d5b3"
}