<?xml version="1.0" encoding="utf-8"?>
<content_type_fields>
  <field content_type="fs_auction" field_name="alert_handler_class">FS\AuctionPlugin\Alert\AuctionListing</field>
  <field content_type="fs_auction" field_name="attachment_handler_class">FS\AuctionPlugin\Attachment\AuctionListing</field>
  <field content_type="fs_auction" field_name="bookmark_handler_class">FS\AuctionPlugin\Bookmark\AuctionListing</field>
  <field content_type="fs_auction" field_name="entity">FS\AuctionPlugin:AuctionListing</field>
</content_type_fields>
