<?xml version="1.0" encoding="utf-8"?>
<options>
  <option option_id="traderEditLimit" edit_format="spinbox" data_type="numeric" advanced="0">
    <default_value>10</default_value>
    <edit_format_params>min=0</edit_format_params>
    <relation group_id="trader" display_order="1"/>
  </option>
  <option option_id="traderForums" edit_format="callback" data_type="array" advanced="0">
    <default_value>[]</default_value>
    <edit_format_params>\XF\Option\Forum::renderSelectMultiple</edit_format_params>
    <sub_options>*</sub_options>
    <relation group_id="trader" display_order="3"/>
  </option>
  <option option_id="traderMembersLink" edit_format="textbox" data_type="string" advanced="0">
    <default_value></default_value>
    <relation group_id="trader" display_order="4"/>
  </option>
  <option option_id="traderMultibyte" edit_format="onoff" data_type="boolean" advanced="0">
    <default_value>0</default_value>
    <relation group_id="trader" display_order="5"/>
  </option>
  <option option_id="traderResultsLimit" edit_format="spinbox" data_type="numeric" advanced="0">
    <default_value>250</default_value>
    <edit_format_params>min=1</edit_format_params>
    <relation group_id="trader" display_order="2"/>
  </option>
</options>
