<?xml version="1.0" encoding="utf-8"?>
<phrases>
  <phrase title="option.traderEditLimit" version_id="10" version_string="1.0"><![CDATA[Edit limit]]></phrase>
  <phrase title="option.traderForums" version_id="10" version_string="1.0"><![CDATA[Forums]]></phrase>
  <phrase title="option.traderMembersLink" version_id="10" version_string="1.0"><![CDATA[Members link]]></phrase>
  <phrase title="option.traderMultibyte" version_id="19" version_string="1.9"><![CDATA[Multibyte]]></phrase>
  <phrase title="option.traderResultsLimit" version_id="10" version_string="1.0"><![CDATA[Results limit]]></phrase>
  <phrase title="option_explain.traderEditLimit" version_id="10" version_string="1.0"><![CDATA[The number of minutes a member can edit their ratings.]]></phrase>
  <phrase title="option_explain.traderForums" version_id="10" version_string="1.0"><![CDATA[Forums which will have trader links shown in thread view.]]></phrase>
  <phrase title="option_explain.traderMembersLink" version_id="10" version_string="1.0"><![CDATA[URL to the members page.
<br /><br />
Example: https://www.domain.com/members/]]></phrase>
  <phrase title="option_explain.traderMultibyte" version_id="19" version_string="1.9"><![CDATA[Include support for multibyte characters. Typically only used for Chinese, Japanese and Russian languages.]]></phrase>
  <phrase title="option_explain.traderResultsLimit" version_id="10" version_string="1.0"><![CDATA[The maximum number of results to display.]]></phrase>
  <phrase title="option_group.trader" version_id="10" version_string="1.0"><![CDATA[Trader]]></phrase>
  <phrase title="option_group_description.trader" version_id="10" version_string="1.0"><![CDATA[Options here control the Trader add-on.]]></phrase>
  <phrase title="permission.trader_admin" version_id="10" version_string="1.0"><![CDATA[Admin]]></phrase>
  <phrase title="permission.trader_rate" version_id="10" version_string="1.0"><![CDATA[Rate]]></phrase>
  <phrase title="permission.trader_view" version_id="10" version_string="1.0"><![CDATA[View]]></phrase>
  <phrase title="permission_interface.trader" version_id="10" version_string="1.0"><![CDATA[Trader]]></phrase>
  <phrase title="trader_action" version_id="10" version_string="1.0"><![CDATA[Action]]></phrase>
  <phrase title="trader_as_a_buyer_please_describe_your_experience_with_this_seller" version_id="10" version_string="1.0"><![CDATA[As a buyer please describe your experience with this seller. (200 character limit)]]></phrase>
  <phrase title="trader_as_a_seller_please_describe_your_experience_with_this_buyer" version_id="10" version_string="1.0"><![CDATA[As a seller please describe your experience with this buyer. (200 character limit)]]></phrase>
  <phrase title="trader_buyer" version_id="10" version_string="1.0"><![CDATA[Buyer]]></phrase>
  <phrase title="trader_buyer_comment" version_id="10" version_string="1.0"><![CDATA[Buyer comment]]></phrase>
  <phrase title="trader_buyer_rating" version_id="228" version_string="2.8"><![CDATA[Buyer rating]]></phrase>
  <phrase title="trader_buying_history" version_id="10" version_string="1.0"><![CDATA[Buying history]]></phrase>
  <phrase title="trader_date" version_id="10" version_string="1.0"><![CDATA[Date]]></phrase>
  <phrase title="trader_delete" version_id="10" version_string="1.0"><![CDATA[Delete]]></phrase>
  <phrase title="trader_edit" version_id="10" version_string="1.0"><![CDATA[Edit]]></phrase>
  <phrase title="trader_edit_buying_history" version_id="231" version_string="3.1"><![CDATA[Edit buying history]]></phrase>
  <phrase title="trader_edit_selling_history" version_id="230" version_string="3.0"><![CDATA[Edit selling history]]></phrase>
  <phrase title="trader_from" version_id="15" version_string="1.5"><![CDATA[from]]></phrase>
  <phrase title="trader_negative" version_id="10" version_string="1.0"><![CDATA[Negative]]></phrase>
  <phrase title="trader_neutral" version_id="10" version_string="1.0"><![CDATA[Neutral]]></phrase>
  <phrase title="trader_php_buyer_comment_missing" version_id="228" version_string="2.8"><![CDATA[Buyer comment missing.]]></phrase>
  <phrase title="trader_php_cannot_rate_oneself" version_id="228" version_string="2.8"><![CDATA[Cannot rate oneself.]]></phrase>
  <phrase title="trader_php_edit_time_limit_expired" version_id="228" version_string="2.8"><![CDATA[Edit time limit expired.]]></phrase>
  <phrase title="trader_php_rating_missing" version_id="228" version_string="2.8"><![CDATA[Rating missing.]]></phrase>
  <phrase title="trader_php_seller_comment_missing" version_id="228" version_string="2.8"><![CDATA[Seller comment missing.]]></phrase>
  <phrase title="trader_php_username_missing" version_id="228" version_string="2.8"><![CDATA[Username missing.]]></phrase>
  <phrase title="trader_positive" version_id="228" version_string="2.8"><![CDATA[Positive]]></phrase>
  <phrase title="trader_rating" version_id="10" version_string="1.0"><![CDATA[Rating]]></phrase>
  <phrase title="trader_return_to_trader_history" version_id="231" version_string="3.1"><![CDATA[Return to trader history]]></phrase>
  <phrase title="trader_seller" version_id="10" version_string="1.0"><![CDATA[Seller]]></phrase>
  <phrase title="trader_seller_comment" version_id="10" version_string="1.0"><![CDATA[Seller comment]]></phrase>
  <phrase title="trader_seller_rating" version_id="228" version_string="2.8"><![CDATA[Seller rating]]></phrase>
  <phrase title="trader_selling_history" version_id="10" version_string="1.0"><![CDATA[Selling history]]></phrase>
  <phrase title="trader_subject" version_id="228" version_string="2.8"><![CDATA[Trader feedback]]></phrase>
  <phrase title="trader_submit" version_id="10" version_string="1.0"><![CDATA[Submit]]></phrase>
  <phrase title="trader_submit_feedback" version_id="10" version_string="1.0"><![CDATA[Submit feedback]]></phrase>
  <phrase title="trader_trader_history" version_id="10" version_string="1.0"><![CDATA[Trader history]]></phrase>
  <phrase title="trader_trader_id" version_id="10" version_string="1.0"><![CDATA[Trader ID]]></phrase>
  <phrase title="trader_username" version_id="10" version_string="1.0"><![CDATA[Username]]></phrase>
</phrases>
