{
    "src/addons/XenBulletins/StopHumanSpam/addon.json": "79896a81bada9bad9c968d1db026751e81e0e9e40a9cb6301d0fd940f9e15503",
    "src/addons/XenBulletins/StopHumanSpam/Pub/Controller/Forum.php": "6d7ca42be4149ba1580aedd8252b85a886e4185584adb8ff9d6ff599e1f184aa",
    "src/addons/XenBulletins/StopHumanSpam/Pub/Controller/Post.php": "649982eb67161901035356afb01ab3e3568894d8abb1df81b77bb83044f261db",
    "src/addons/XenBulletins/StopHumanSpam/Pub/Controller/Thread.php": "859d3bcedeb14624eb7153c1a4a35b1d18fbd26471f56b81d86493779eb0c5ee",
    "src/addons/XenBulletins/StopHumanSpam/Repository/StopHumanSpam.php": "e0cb2dfc4111297f7dd955981aa7841f3ca45f9b79b02bdd0dcebcab9dc18c94",
    "src/addons/XenBulletins/StopHumanSpam/Setup.php": "0d6aa5dbfcbe134ceb8986b633bca0c3f949a94425b61dadb56fb25b4dbcb897",
    "src/addons/XenBulletins/StopHumanSpam/XF/Pub/Controller/ApprovalQueue.php": "205a6e621e1bb383d757e9e71e532f67c90e33d95bf8a10e61416f6b192f0866",
    "src/addons/XenBulletins/StopHumanSpam/_data/activity_summary_definitions.xml": "99d8c2563a31320d66f958fc8bda78613545f5f7959bb3cf5318805e3a3c39d2",
    "src/addons/XenBulletins/StopHumanSpam/_data/admin_navigation.xml": "064ec797484ac00d5ee37367b50b06846d11f480d00550997712707f8fdac8c0",
    "src/addons/XenBulletins/StopHumanSpam/_data/admin_permission.xml": "ec6fb97cebf0bceb24f1ed1d5778c1db54eeb7535fbb3e31d824840e7aa9ff87",
    "src/addons/XenBulletins/StopHumanSpam/_data/advertising_positions.xml": "d2f7cbe844bb1df3cf878d22ff6306249245c8ff6b0b87b9b729744bec538261",
    "src/addons/XenBulletins/StopHumanSpam/_data/api_scopes.xml": "6793eaf758f140e8137187ba20e65f4faccf53410433ae3ad7a8b3b38cb6b3b7",
    "src/addons/XenBulletins/StopHumanSpam/_data/bb_codes.xml": "4176379f5765e6db0a97f67ba3b7418b049c68bb8c1bd0e9af9eda9d41a7f096",
    "src/addons/XenBulletins/StopHumanSpam/_data/bb_code_media_sites.xml": "29762987990187b33e43cfb68c08dc917b2d3f0176613d78f8e6c453f82da3f3",
    "src/addons/XenBulletins/StopHumanSpam/_data/class_extensions.xml": "1a31cccd27ad819cc6ecb5d6a18fd4e04cba3f179bbdaa23096014e0394f4741",
    "src/addons/XenBulletins/StopHumanSpam/_data/code_events.xml": "8370dec3df47f91df4cf79da253446ad11b29f4ea568fe76c774e97a0379f0eb",
    "src/addons/XenBulletins/StopHumanSpam/_data/code_event_listeners.xml": "d6b5072f4909dee7a20ee9e44b163f95c8aa52e6ac7f573e292000cd9238c331",
    "src/addons/XenBulletins/StopHumanSpam/_data/content_type_fields.xml": "c7ad5472b28f465b7ac7617627707eba1b7a39d28089460d52e1ed292fc0b06a",
    "src/addons/XenBulletins/StopHumanSpam/_data/cron.xml": "323c4284742ef24329cd6db6f288eb9736d2353f36852e1db12591e1583aea26",
    "src/addons/XenBulletins/StopHumanSpam/_data/help_pages.xml": "a8a0c0b06cdc550438bc8a8d385af3e1e5ab3459877dfb934c1c31be59c89163",
    "src/addons/XenBulletins/StopHumanSpam/_data/member_stats.xml": "89fb2b93ff1eca7a1f6f752248edf6090dfd24037db1446fd18ff7143f08124d",
    "src/addons/XenBulletins/StopHumanSpam/_data/navigation.xml": "f75e1c03a45a360bbdfcd0567121665082315068475d5b0feb8b1acbb1688651",
    "src/addons/XenBulletins/StopHumanSpam/_data/options.xml": "28d0d62b31eb281b171e2a0c852fce82c86a59d7fb96aa179f591b8687f28c65",
    "src/addons/XenBulletins/StopHumanSpam/_data/option_groups.xml": "9785c9088b6f20ecef580bf55c4a5f160bb62f39735dac057ee6bd70ba05ec7a",
    "src/addons/XenBulletins/StopHumanSpam/_data/permissions.xml": "a56f692ecce42dc6d7cf3d7a561f6a0370aec2cc2579e16657dc353ebbc345a9",
    "src/addons/XenBulletins/StopHumanSpam/_data/permission_interface_groups.xml": "33ee6c7bcc7b331279870a4de7e319e72238f5565eaa842f83764f5c730d777d",
    "src/addons/XenBulletins/StopHumanSpam/_data/phrases.xml": "3bfa0f385bac66b9bd37b247a9e722f0a64b883d372033aa83ee3eb7f34f690a",
    "src/addons/XenBulletins/StopHumanSpam/_data/routes.xml": "550fa64f9feedf137dd877b38c2684f94474619d2d83890dbb717a91b50da8f5",
    "src/addons/XenBulletins/StopHumanSpam/_data/style_properties.xml": "8b8690a8512f01f219dd2da76e3d0c5f62afc1f317b87794a7331c859c36a7a8",
    "src/addons/XenBulletins/StopHumanSpam/_data/style_property_groups.xml": "68e1879cb3846c42d978487aa8d5145ff3335fc39e58016878824d5cf3fd684c",
    "src/addons/XenBulletins/StopHumanSpam/_data/templates.xml": "95d4b078b90e74e773cef6695ef94c742e74b8d62e6798738f11f0215a58faee",
    "src/addons/XenBulletins/StopHumanSpam/_data/template_modifications.xml": "852ea2c61077f43099fc202cb47aecbc03d31f1f1d63ca35aab6701cb208511c",
    "src/addons/XenBulletins/StopHumanSpam/_data/widget_definitions.xml": "37e46965256430f24004c2e7f08ba08f9b0d1cbcc4d70e84b3f4e3ffb713e64b",
    "src/addons/XenBulletins/StopHumanSpam/_data/widget_positions.xml": "a29cee66134f6bc5d75ed9df1eef21096c24401915c5b5c774389c3d7bb2d5b3"
}