{
    "legacy_addon_id": "",
    "title": "Chat",
    "description": "Feature-rich, mobile-friendly chat application.",
    "version_id": 2020870,
    "version_string": "2.2.8",
    "dev": "Siropu",
    "dev_url": "https://www.siropu.com/",
    "faq_url": "",
    "support_url": "https://www.siropu.com/customer/support/open-ticket",
    "extra_urls": [],
    "require": {
        "XF": [
            2020070,
            "XenForo 2.2.0+"
        ],
        "php": [
            "7.4",
            "PHP 7.4+"
        ]
    },
    "icon": "fas fa-comments"
}