{
    "src/addons/Siropu/Chat/addon.json": "d6b87fef4330c24e0ea8d23605f8f53a868e66075ba89ede515f6aec28f573ce",
    "src/addons/Siropu/Chat/Admin/Controller/BotMessage.php": "8fe40b27887ee465a2076f71aa94bd03c54dc39664c6634485593aca88227775",
    "src/addons/Siropu/Chat/Admin/Controller/BotResponse.php": "9b4cb494cb4c5d08a2e18aeea7a6fd55ed13f89715b7a3bb31b498a353110293",
    "src/addons/Siropu/Chat/Admin/Controller/Chat.php": "8db65922857ea5082b32ec80ce36746020d2744ec8177facbfb47dbb74c74a6d",
    "src/addons/Siropu/Chat/Admin/Controller/Command.php": "9ea28bfa8cab49864612ee5f071eed3a0d1fc0f59d6995ad906195f87d3cd5ba",
    "src/addons/Siropu/Chat/Alert/Conversation.php": "f22d098b179067dff8b8ca4dc305f33c0e03ab16ca1007f274a1ceac27d74671",
    "src/addons/Siropu/Chat/Alert/ConversationMessage.php": "43545aee04fe56fabefa2263ec61cc0902f2021d3e06386981d51e655dd55f98",
    "src/addons/Siropu/Chat/Alert/Room.php": "2e498bc001ce0043c1f190f2b85e6ff7b37136eb6bb77bd6194f4584d210b09e",
    "src/addons/Siropu/Chat/Alert/RoomMessage.php": "cc25f4ef6413317a890e0f1875e2396f11012d72b0487640b70ef70c06a060c8",
    "src/addons/Siropu/Chat/Alert/Sanction.php": "c84f0f85f3bf6069336ae614c4bd72595bbbfedc5feba03a0c15cd228ebff3c9",
    "src/addons/Siropu/Chat/Alert/User.php": "16b699ea39268d91732779d7541e4a25387b5cea68ac4dddec2544a0e366aef5",
    "src/addons/Siropu/Chat/Attachment/User.php": "ac44639dbc1a6c63fb25c610de15a40e8d509ba01819fe74a8d25059078a1db9",
    "src/addons/Siropu/Chat/Command/Ban.php": "44ebc2143261e650708acf146bfddf0d81696e359fb2392f60ce9ae0c901035a",
    "src/addons/Siropu/Chat/Command/Export.php": "231ea20255883ebd33017fbed42bd298e167bc80bc969ff8d6ac1f01789b7e12",
    "src/addons/Siropu/Chat/Command/Find.php": "8f2360cbd8ea2bbe0eccb425f48aff495855fb192d554de6a1f3309a01da3fa8",
    "src/addons/Siropu/Chat/Command/Gif.php": "60e977b436fb453a800f61c900d146bb6ff3b1bf73fa2cc18a5af68e99b3e22c",
    "src/addons/Siropu/Chat/Command/Giphy.php": "2f306ed589353f9dd60a3f3d21a2efe3e14e861ccf65c0c9261641d80cc2f6ec",
    "src/addons/Siropu/Chat/Command/Help.php": "11015d0323e3e916464f190033c9814631e77ebe8753ff9fb9b868525cc781d2",
    "src/addons/Siropu/Chat/Command/Hug.php": "ccb84b5a2fb6df78175f29f6bdabe2f95575513387410eb9f511f2669bd0d8ea",
    "src/addons/Siropu/Chat/Command/Idle.php": "4d50fbde687fa7fdf8f6a2103fed73ac77038eaf1294ba944b82bc8670520163",
    "src/addons/Siropu/Chat/Command/Invite.php": "7f8983f2ea7238aaf30f505066173d3b34a7bf877f48996a4b3fab07c823371c",
    "src/addons/Siropu/Chat/Command/Join.php": "3a7ed46dcda3f14033e51abb44ee8fe61c94f46d49ae77a981b5146061435552",
    "src/addons/Siropu/Chat/Command/Kick.php": "8550cf052cdd4fe9c8915474675e50af6475644f0b70e3856a36fa0fad983a43",
    "src/addons/Siropu/Chat/Command/Leave.php": "a1cb4cab83158c86263a83b2352d2be7f15bc5c1b01fd77209cdee0394000bc0",
    "src/addons/Siropu/Chat/Command/Logout.php": "7baeb56970cec06be11b1b986359bf560bea24f1e5c86b577e05b3e8c607876f",
    "src/addons/Siropu/Chat/Command/Me.php": "8eeb8f6f22f2f67cbb2207e2d1db98f57acdc93f9a6436d58f55fad861064b69",
    "src/addons/Siropu/Chat/Command/Msg.php": "f6168af5b7c75cf621e8f50246f09da0a28f0426818e8d04d7db418fa81c396f",
    "src/addons/Siropu/Chat/Command/Mute.php": "92457164a03e7450c6f1cf78df964dc55563269fb6dc9b8eca0629600e54ff41",
    "src/addons/Siropu/Chat/Command/My.php": "e2d373a5b86bb5f6762fd5f25c73a72e4108bf641531d0e3649be156e4aeb38e",
    "src/addons/Siropu/Chat/Command/Nick.php": "dbc32782088f48f295189985a82292beb1227fcf640250d099e81d4f5c0755b4",
    "src/addons/Siropu/Chat/Command/Prune.php": "703b151a24310c7e63ba8369bf9cba899c7741149add9ef6b83d7209c7c0166e",
    "src/addons/Siropu/Chat/Command/Roll.php": "ca690dff8fdf7d72db16fbc84eb4330ecfcb8b08a772e1ea8a0ea9fc4ec14d52",
    "src/addons/Siropu/Chat/Command/Slap.php": "bd571f41f3d0ba0a25506d0162486dbca1e597e0d2445b9e665c539d2899724d",
    "src/addons/Siropu/Chat/Command/Status.php": "7529f3105d3053df5f193d919adceea088737eb51fca1a993725191f0d0cd525",
    "src/addons/Siropu/Chat/Command/Unban.php": "259a0df9a39611a7d3492a6a875597b50401947f819d0bf316a7036b5976235f",
    "src/addons/Siropu/Chat/Command/Unkick.php": "1c056121314d001d3fcb6249f0d419f7b3f4e53f9330dcc5334abd1be7b000c0",
    "src/addons/Siropu/Chat/Command/Unmute.php": "79e2eee3664a6fb6239c4f5441a26110d262cfd7df51af2099f9e988c94232e2",
    "src/addons/Siropu/Chat/Command/Whisper.php": "93c570c705b82ccf80681ad2ac9305d2046ebc78ba096ddc80b0cd0a4ede959f",
    "src/addons/Siropu/Chat/ControllerPlugin/Chat.php": "e4cc7c4d79171181010fb0784f276697bf3ab539e0f85e8fbc675d120dc863bd",
    "src/addons/Siropu/Chat/ControllerPlugin/Room.php": "4f6095031c007f72d03d8b68d1e98b75cc09931b524df58fead87dcf0e38321c",
    "src/addons/Siropu/Chat/ControllerPlugin/Update.php": "8a749a99843af282f34f718d8121a0d90c354619727ab62e59643996552cd35f",
    "src/addons/Siropu/Chat/Criteria/Device.php": "e6c3376fbee33911e869f2df4d6083ca9a0e82a13ec674b7a957123ba0f53413",
    "src/addons/Siropu/Chat/Criteria/Time.php": "8e593eeac93cac531954d3748dec1b0e2535639a1151959732dc8dbad8a403de",
    "src/addons/Siropu/Chat/Cron/Bot.php": "772cbceb124112f3bf335c9ad5d04d6c16e6cae77ff22069245518e2e86b4bfb",
    "src/addons/Siropu/Chat/Cron/Message.php": "2ea4d9c9960717e881c73f2b39dbd1edba689d710e7e9fa8ce5b7919ec05e9c7",
    "src/addons/Siropu/Chat/Cron/Room.php": "c295ad6d2d079d4fa1711b3ccb7cac8a8fa200da0a685946d461e3b91cdf1549",
    "src/addons/Siropu/Chat/Cron/Sanction.php": "a7bdd5a56b7375cbb06357f79b64aca7cca18f5777718f873c71d55f2a5720da",
    "src/addons/Siropu/Chat/Data.php": "3e91913bfc78a7c92307e60f8892ce4d237eb2f29318f35d1e4d619e4709f6ee",
    "src/addons/Siropu/Chat/EditHistory/Message.php": "bee21745516749be7b3202e1f055eed6c9be5dd997ac78df931cdecd2c92d932",
    "src/addons/Siropu/Chat/Entity/BotMessage.php": "4618ddb13487adbcf8651bf756d47237355f8f31c4598eeb1f61fe88f84de0cf",
    "src/addons/Siropu/Chat/Entity/BotResponse.php": "53bf7d19c2bb80b3735f2588430c156c33e95592aa0ee511bb20c94f73f828f3",
    "src/addons/Siropu/Chat/Entity/Command.php": "afd69892003cb1e0077b614364393a0c326cd4ec0422744e2ee1c9a42c3967c4",
    "src/addons/Siropu/Chat/Entity/Conversation.php": "1abe321d0a0eaeabb97e8ad2352e96aa2cf0b967544183da86916972112826a2",
    "src/addons/Siropu/Chat/Entity/ConversationMessage.php": "8f78db38a66403e87c336956a5591f82d795370aa319d987c99d781c79de4434",
    "src/addons/Siropu/Chat/Entity/Message.php": "b758a06e7b834a67a6a5837ca964d148f68292fce9b69e93fb02327494a69da1",
    "src/addons/Siropu/Chat/Entity/Room.php": "e0239dcdc4202460e2c9884d8bca825931440d107e704960892b7725bfcd5f6c",
    "src/addons/Siropu/Chat/Entity/Sanction.php": "ea70a026b03cf1f7a557cf3e6839ca9075440ab2515d209105dc49fea43cff8a",
    "src/addons/Siropu/Chat/Entity/UserCommand.php": "0a1883da5dbcf36ef6f9b3618c1dcdbfa905833e898dc52e07859241ca1dadf0",
    "src/addons/Siropu/Chat/Finder/BotMessage.php": "4a9e699376f686f2ad4cd611b864709adfdfd87a69d35e8b6986af5158c08446",
    "src/addons/Siropu/Chat/Finder/BotResponse.php": "471fe8a38c63d6a0d6b858a68afbcbc28ef619c4275a9ed7a62707130d7707a3",
    "src/addons/Siropu/Chat/Finder/Command.php": "c6a142c1e74cd5f6b938f3d2f55da6211565f8045ee48396b44ac659938e9ee0",
    "src/addons/Siropu/Chat/Finder/Conversation.php": "58c344fc9ebebba761faeef9ddb3118a388b05644931ddcd7fe1d99597cfd343",
    "src/addons/Siropu/Chat/Finder/ConversationMessage.php": "2674d8522372f7e735b4eceee6faabd4bd055c41a40d32d1c55378b9982b80bd",
    "src/addons/Siropu/Chat/Finder/Message.php": "031962d5907ddfd8af22cfbe0d6696d76b1418097777e66496be1bd42ff1e44f",
    "src/addons/Siropu/Chat/Finder/Room.php": "a5441bbfbe6936e002058b78575da799b043982ab8205b5a87f051fcc827c20b",
    "src/addons/Siropu/Chat/Finder/Sanction.php": "c3cfe4ab925b81a061acf6c0adf2345cf735a40c450d04db6b71e493f88ab484",
    "src/addons/Siropu/Chat/Job/ConvWhosTyping.php": "a07f51bfa6eb94652fa1399cf29746a81d90dd6e9fd2088ab4f1cd16d98f7d88",
    "src/addons/Siropu/Chat/Job/Reaction.php": "0aafdf6e330e5775a5350bca3c716d534d62d16acd6966416b18f45bb09717f3",
    "src/addons/Siropu/Chat/Listener.php": "6de6261dba836f41d5dd68a6894da051893ff82cb0f39bdadeb194930fbf7157",
    "src/addons/Siropu/Chat/Navigation/Tab.php": "3fe4f3ede7e288cfdcceaa70ed83562410fdb6dd39e5d6038eadd19a6308d012",
    "src/addons/Siropu/Chat/Option/AdNotice.php": "44449865f220cf4eed1984ee518a0459002a5bf9eeef9131eec631733ab6e01e",
    "src/addons/Siropu/Chat/Option/BbCode.php": "248eed712cc54f16192d9916893ed1fd8d0292f3a094b606670cede1b5f88eaf",
    "src/addons/Siropu/Chat/Option/Room.php": "38ce6f1f2e9b9f21c4b141056cf6908aa6596881d3c41a0e76c40a591d83e1fd",
    "src/addons/Siropu/Chat/Option/UserGroup.php": "9234f601257e2983c0ff3d79ef722dc1b37b4425ebc52a1f45c241b0b43647cb",
    "src/addons/Siropu/Chat/Option/WhosTyping.php": "3cb284a8691a6f57eb5fc2f38f085a5398c6fad2a6c5aa284ba426c77e990b7f",
    "src/addons/Siropu/Chat/Pub/Controller/AbstractController.php": "cd33c5862839af95d00402ad47ff6ec6ffaf7643f6f9a5d3c87120b5e50a3bdd",
    "src/addons/Siropu/Chat/Pub/Controller/Archive.php": "271110cca6a0bfe639e3625aada200b040a457aa054783b1af2c814bf934b94a",
    "src/addons/Siropu/Chat/Pub/Controller/Chat.php": "a93fb842f97bc9139dab3e88c9ac266671174b14635b69e76c5d97819b5cb3ac",
    "src/addons/Siropu/Chat/Pub/Controller/Conversation.php": "c98a63a7be6214f91c5ecdfe12cebc8f37a7818f1cee06801a07620903114fe7",
    "src/addons/Siropu/Chat/Pub/Controller/Message.php": "d54633b1e874f1da758d5b5c555bf92e9cd5a642256d4029d09e8a3d02bec7e7",
    "src/addons/Siropu/Chat/Pub/Controller/Room.php": "d131ce55fac6b21e28cac37507273499993b068bb21bb72810268ec8fd052f80",
    "src/addons/Siropu/Chat/Pub/Controller/Sanction.php": "8b11b204cfc41825f9cbe44c679560699aa9306ad5bfec11e38dfba2099757b0",
    "src/addons/Siropu/Chat/Pub/Controller/Top.php": "1705a6dcca97eb3fc60481e6a0f9fd1c1d40632e8db15ee2ed7dcd5ee83fedda",
    "src/addons/Siropu/Chat/Pub/Controller/User.php": "94357adbf3a5bae264ad5847693d0da0b5c7f46da206c18c16eb66da4ec1c1dc",
    "src/addons/Siropu/Chat/Pub/View/Chat.php": "ffa739afaaf80dfc671b819909fb31c2ade911b9f456383f41f67e58f99a2c90",
    "src/addons/Siropu/Chat/Pub/View/Conversation/Leave.php": "9218ceb908641bbaeed68cfb47f451076ce367e6d58e31988afa55b09fab4348",
    "src/addons/Siropu/Chat/Pub/View/Conversation/LoadMessages.php": "595fa8ae988b5e90ff0620561e7feedfe75c798a178fd925561648bb3a11a932",
    "src/addons/Siropu/Chat/Pub/View/Conversation/Start.php": "dd2161c441935bdbbc04f052a10a5a93d3408b3f6f6d1c44ec0597b413683686",
    "src/addons/Siropu/Chat/Pub/View/Message/Find.php": "f760748a4b82e2e6c97e43d8c9d45d3fe18ea3f38064ace224adafd5102dec4d",
    "src/addons/Siropu/Chat/Pub/View/Notice/Edit.php": "2ec5a32ddd01020c410a21599c4419e040e0a3b47c92804c740e403512363cc3",
    "src/addons/Siropu/Chat/Pub/View/Room/Find.php": "ed317b6548173e3ec9ca9f32e951749425c2a883b751cb2f55206b59a8a3fb08",
    "src/addons/Siropu/Chat/Pub/View/Room/Rss.php": "0e0a66a6541caa8da7960ca70a8bf324af3a4985c19969b66f2e7e9c49c7e79c",
    "src/addons/Siropu/Chat/Reaction/ConversationMessage.php": "4b250ed4ba7f5a0f4aae5901e7bb8d1d70c37373664b915d7c3f21f6dc8fb690",
    "src/addons/Siropu/Chat/Reaction/RoomMessage.php": "d89102a56180c0a753afade1f5199f3351154b8bfb213219c1b4941345dbbead",
    "src/addons/Siropu/Chat/Report/ConversationMessage.php": "1b623893c0a2a9e1ee47c0f114a7683bd2543d6e071389c33d5302ba4c82616b",
    "src/addons/Siropu/Chat/Report/Message.php": "64eb4487a7d6dd5d88764082bfffa827fab9393d0973385e0f499eb79c870598",
    "src/addons/Siropu/Chat/Repository/BotMessage.php": "eb5037828548eec453bc394c2d1b169e348eb1bbd806c9f6c5f8ff1ed9b269e8",
    "src/addons/Siropu/Chat/Repository/BotResponse.php": "a1d734693c88ab1d97a3000a567c97a22e54201b1177fd2237f8e8e10f20c5cd",
    "src/addons/Siropu/Chat/Repository/Command.php": "745d26f8f150ceff69403bced364d77fc1eb33193d9cf32d79b330f380483877",
    "src/addons/Siropu/Chat/Repository/Conversation.php": "3c3a20948a0e008992333ae3fd1ce9c7a2f738a6ed1ee238a4d35438eaaef655",
    "src/addons/Siropu/Chat/Repository/ConversationMessage.php": "f0c06bc7a45fecadd88125c00eef3b0df822dd19266c779099e1ebb8c81cc65c",
    "src/addons/Siropu/Chat/Repository/Leave.php": "2d5304e172af459ae3e5d28aacb77b7f2b1789209e376efd1a84c017278b2596",
    "src/addons/Siropu/Chat/Repository/Message.php": "d592f5311f6cdcb5f9854327929d7c81eba0242fedc65b0003c72326c4ce7a2d",
    "src/addons/Siropu/Chat/Repository/Room.php": "159fc5f5dfa6636dcc6fc23c4382e8656d72e39d1fd0ae77df91a0f0b22fb94d",
    "src/addons/Siropu/Chat/Repository/Sanction.php": "593f2c876bd8b96b250cb283e9858f16b70f038c52369f95df439dbbd72c1feb",
    "src/addons/Siropu/Chat/Repository/User.php": "0a496421f535e6081c7d472e4d2a23c1c13a6741e267681db2d12a23ff35c825",
    "src/addons/Siropu/Chat/Repository/UserAlert.php": "c91d0e6a2eb7aa47cc7b98d036e965b2f40c86fc3dba0654e9ccb806e8ac7984",
    "src/addons/Siropu/Chat/Repository/UserCommand.php": "6f8195414f027158f4d3a9b2063431b998583383820b94f33e98fbd8de7f3838",
    "src/addons/Siropu/Chat/Service/AbstractActionLogger.php": "600d7dec535a0f37cd35cad9b7dd3dd9af1a23e3c21cdfa49a9de30f6b5fdf26",
    "src/addons/Siropu/Chat/Service/Conversation/ActionLogger.php": "55c3b0ac51a49a6a12e58a8eed9ecfaff268246da55a95dee980ba6ef0e6a63d",
    "src/addons/Siropu/Chat/Service/Conversation/Manager.php": "5cdbaf91318718048eccab85f94cd4413b5b82f819cb307fe812c73205624437",
    "src/addons/Siropu/Chat/Service/Conversation/Preparer.php": "06e5a18bce7a049a59ac7be7ed4be56ee136d0c8867d00f2d33a6fbbaffe8dba",
    "src/addons/Siropu/Chat/Service/Guest/Manager.php": "6482ff9bc51e32d0fbd85aa40b0a4272cb17067abafe8b9bc6b417bdb4c9c57b",
    "src/addons/Siropu/Chat/Service/Message/Creator.php": "c81135c1f00b8a0eb9baf4c2b2fca25cea89d148278f9b43174a78c8266625ef",
    "src/addons/Siropu/Chat/Service/Message/Preparer.php": "6e722546f1049cde2fcbdc80fa12379d597e46e0c04c84cd159e40103fa9c934",
    "src/addons/Siropu/Chat/Service/Message/Sorter.php": "6b31157d93767ec0424c9b901c9489bdcae0b473216091e62211ab9b21af2d0a",
    "src/addons/Siropu/Chat/Service/Room/ActionLogger.php": "59f813c4df567895d11052a00a3fdad9b169cebb5ce33bde051903d88a8c655a",
    "src/addons/Siropu/Chat/Service/Room/Notifier.php": "42ea8417082dbb216e525cffa1979913df061b9d36c9a3e1cf33051715366644",
    "src/addons/Siropu/Chat/Service/Sanction/Manager.php": "c940a44e9845e8dc493a34c688081959af0f24c8fa580fb1395255b710b4b529",
    "src/addons/Siropu/Chat/Setup.php": "da0bbfb2af824e482acce2528536c3f6ad666fbf7ac1bbfe6187720c49b6bd5e",
    "src/addons/Siropu/Chat/Util/Action.php": "eb1d7462b4e823d49895bdf382f81526b47b6729796d6f83fe00d9fc47538ce4",
    "src/addons/Siropu/Chat/Util/Arr.php": "36cf394e462ced3d20f287ddd82a8dcb6262e817b5e58b2644cbec0454cae28e",
    "src/addons/Siropu/Chat/Util/Cookie.php": "b36a8253606cac73ca92f20a276187dc347f4193a6b076681b4237fc2541ab08",
    "src/addons/Siropu/Chat/Vendor/MobileDetect/MobileDetect.php": "d066bf2334999466774bdea1806fdf0389e612562e65afc8e448ba32cf0ab976",
    "src/addons/Siropu/Chat/Vendor/MobileDetect/Mobile_Detect.php": "4cd5aadd1d255d159f66041943b1c098e7f33d9770d8ec2d4bc02cc953210d5d",
    "src/addons/Siropu/Chat/Widget/Chat.php": "7f845bae93f8c6ffee30f23eab6eba90d755f45025ae23b776998f09b4ea06a9",
    "src/addons/Siropu/Chat/Widget/Rooms.php": "3f4ed44776ba379ef7ed54d20c19adbe0549db4bdb647839e9390581df32761d",
    "src/addons/Siropu/Chat/Widget/TopChatters.php": "eca91ef2e048d7ce30789dd9019e938e9c4ac1fcc349f2258cce1e62b2442bd1",
    "src/addons/Siropu/Chat/Widget/Users.php": "91b19b7a06ac357024178e3ee3cf8ef748141a0c8d08ed1b8ec86703ab3b8fdd",
    "src/addons/Siropu/Chat/XF/Entity/User.php": "b17d4e864242348c8356923aa2acc74d59f2658f5a7c3ecbc0ac99409066e5eb",
    "src/addons/Siropu/Chat/XF/Pub/Controller/Login.php": "e586fb562e7177cc709f3e6c843666ccae29821f4fcda302aef6db1da9539774",
    "src/addons/Siropu/Chat/XF/Pub/Controller/Logout.php": "9b5e01ecb03d7eec56d9e9369864fe70d3dec74eb31371842c9d36ba89d2eac1",
    "src/addons/Siropu/Chat/XF/Service/CronEntry/CalculateNextRun.php": "30191232ac1d2bb71c10cb53c21bfcb3cf403087e8d420aa491d278e565fd57d",
    "src/addons/Siropu/Chat/_data/activity_summary_definitions.xml": "99d8c2563a31320d66f958fc8bda78613545f5f7959bb3cf5318805e3a3c39d2",
    "src/addons/Siropu/Chat/_data/admin_navigation.xml": "f1f05d6816d758b65a043f2fdc713db69ee4ac023f09815a7822a502f6ee4751",
    "src/addons/Siropu/Chat/_data/admin_permission.xml": "58850562f175fb092ceb27fc898a7e1bbc372eaa24c1ea51442d5a01f4b34905",
    "src/addons/Siropu/Chat/_data/advertising_positions.xml": "d2f7cbe844bb1df3cf878d22ff6306249245c8ff6b0b87b9b729744bec538261",
    "src/addons/Siropu/Chat/_data/api_scopes.xml": "6793eaf758f140e8137187ba20e65f4faccf53410433ae3ad7a8b3b38cb6b3b7",
    "src/addons/Siropu/Chat/_data/bb_codes.xml": "faa4ddd5f4a365e5ac39aebdcbe2d25aedf74e7eb9ea4a812766e2fd5e13bdb1",
    "src/addons/Siropu/Chat/_data/bb_code_media_sites.xml": "29762987990187b33e43cfb68c08dc917b2d3f0176613d78f8e6c453f82da3f3",
    "src/addons/Siropu/Chat/_data/class_extensions.xml": "7c77e9f8d2ea6b374783cf3bc45f10cc625bde3510b7e63bcb0c742222b471c6",
    "src/addons/Siropu/Chat/_data/code_events.xml": "8370dec3df47f91df4cf79da253446ad11b29f4ea568fe76c774e97a0379f0eb",
    "src/addons/Siropu/Chat/_data/code_event_listeners.xml": "a9d93e526bac50a024b80a25576a2a523a547d7dc29d904db745f1a5b0a4597c",
    "src/addons/Siropu/Chat/_data/content_type_fields.xml": "92c547041a2ded45009dcc03d3f19baa278758e72721fb68d9e3739c2532a28a",
    "src/addons/Siropu/Chat/_data/cron.xml": "0e661eef50f6c32db07b6dec54d6107950a725964e750a3e5b9918db1c33e8df",
    "src/addons/Siropu/Chat/_data/help_pages.xml": "a8a0c0b06cdc550438bc8a8d385af3e1e5ab3459877dfb934c1c31be59c89163",
    "src/addons/Siropu/Chat/_data/member_stats.xml": "89fb2b93ff1eca7a1f6f752248edf6090dfd24037db1446fd18ff7143f08124d",
    "src/addons/Siropu/Chat/_data/navigation.xml": "1d42849c466f69f9386d615e73d7863dd96e419ff1d2b40f5e409f47058ae362",
    "src/addons/Siropu/Chat/_data/options.xml": "77a20becf0ed52d8e552d62fdd661a52a7b4bf76d0d828b9516a9edd00fdc56d",
    "src/addons/Siropu/Chat/_data/option_groups.xml": "107c8c827e598b900739e00af9a4e481a730f2bfda1414d5d64bd9dcb5181b30",
    "src/addons/Siropu/Chat/_data/permissions.xml": "1a797089628cc0acf968e47de10d1bad3a0f8b3c35bff1c43cde473e15cef136",
    "src/addons/Siropu/Chat/_data/permission_interface_groups.xml": "271b126be6480579ae346ada72bf4d74f5d705984ad5239e05a871edca78d2d5",
    "src/addons/Siropu/Chat/_data/phrases.xml": "122d1e9229bde7f40c45d328adbdba7aa244a323a611399130008ff6685eed28",
    "src/addons/Siropu/Chat/_data/routes.xml": "13b23ea6e926d3f9a39bdf4052cf5d813428d8f1e18d2771f020ba77d519b744",
    "src/addons/Siropu/Chat/_data/style_properties.xml": "86c36f6f02c63eef7e4f33f92b8be2cbe7e2cc2b56ac48f626921c937d8f3430",
    "src/addons/Siropu/Chat/_data/style_property_groups.xml": "0e50fe0be5ac3157c940cf56ad41f43d50b172eb50f47825e3f3f2860abec55c",
    "src/addons/Siropu/Chat/_data/templates.xml": "8065bc0be73d3e625eaafbac125201f47997ecc7d8da414a943b257e080e79c0",
    "src/addons/Siropu/Chat/_data/template_modifications.xml": "8da631bc7b5836a20b1bab8e6efe8cea2df1272cc8a93bdbe94b2f8a536365f1",
    "src/addons/Siropu/Chat/_data/widget_definitions.xml": "90bacc232a68ef595c03b74fb319fe8760465fabf304736b2a8a0ce160f8c20e",
    "src/addons/Siropu/Chat/_data/widget_positions.xml": "804478ad324087c598d416afa503f9cf8d5d8178bd1f3742294b383c8f13efba"
}