{
    "src/addons/Andy/Trader/addon.json": "27d40f540c7136dd34338b0d5a686175d2534da17d7f960b328d6b4200651d05",
    "src/addons/Andy/Trader/Entity/Trader.php": "c03f979397689e38494fac2150bc1d57270bf73956a840aaa081f98e5a39c61f",
    "src/addons/Andy/Trader/icon.jpg": "48578778bf04ac4c86efd2939ee8010c7388d7ffcf05f6c75b362d30968e3420",
    "src/addons/Andy/Trader/Pub/Controller/Trader.php": "8ab09f5847b54e6a628bd00aa21a9450f652ed1b5fa7764cba3d7f35623f5011",
    "src/addons/Andy/Trader/Setup.php": "d3fcfe3c3a28dbcbea48bfb0be3fb1031ad0f99f0cb687d2766c44c78f153b99",
    "src/addons/Andy/Trader/XF/Entity/Listener.php": "c37b0c1d0f705b8956a964d3f94a1ae9f2376ae289e1527ca2fd9bf28f0b044c",
    "src/addons/Andy/Trader/_data/activity_summary_definitions.xml": "99d8c2563a31320d66f958fc8bda78613545f5f7959bb3cf5318805e3a3c39d2",
    "src/addons/Andy/Trader/_data/admin_navigation.xml": "064ec797484ac00d5ee37367b50b06846d11f480d00550997712707f8fdac8c0",
    "src/addons/Andy/Trader/_data/admin_permission.xml": "ec6fb97cebf0bceb24f1ed1d5778c1db54eeb7535fbb3e31d824840e7aa9ff87",
    "src/addons/Andy/Trader/_data/advertising_positions.xml": "d2f7cbe844bb1df3cf878d22ff6306249245c8ff6b0b87b9b729744bec538261",
    "src/addons/Andy/Trader/_data/api_scopes.xml": "6793eaf758f140e8137187ba20e65f4faccf53410433ae3ad7a8b3b38cb6b3b7",
    "src/addons/Andy/Trader/_data/bb_codes.xml": "faa4ddd5f4a365e5ac39aebdcbe2d25aedf74e7eb9ea4a812766e2fd5e13bdb1",
    "src/addons/Andy/Trader/_data/bb_code_media_sites.xml": "29762987990187b33e43cfb68c08dc917b2d3f0176613d78f8e6c453f82da3f3",
    "src/addons/Andy/Trader/_data/class_extensions.xml": "1f548b8006e9952a3f5889f71e09fdfa6726ac1a47c1af7b2626d1a88920d5a4",
    "src/addons/Andy/Trader/_data/code_events.xml": "8370dec3df47f91df4cf79da253446ad11b29f4ea568fe76c774e97a0379f0eb",
    "src/addons/Andy/Trader/_data/code_event_listeners.xml": "743e60b58f889e557b59fb067ac598a12b456ca20cc7a5533512c85a8d317514",
    "src/addons/Andy/Trader/_data/content_type_fields.xml": "c7ad5472b28f465b7ac7617627707eba1b7a39d28089460d52e1ed292fc0b06a",
    "src/addons/Andy/Trader/_data/cron.xml": "323c4284742ef24329cd6db6f288eb9736d2353f36852e1db12591e1583aea26",
    "src/addons/Andy/Trader/_data/help_pages.xml": "a8a0c0b06cdc550438bc8a8d385af3e1e5ab3459877dfb934c1c31be59c89163",
    "src/addons/Andy/Trader/_data/member_stats.xml": "89fb2b93ff1eca7a1f6f752248edf6090dfd24037db1446fd18ff7143f08124d",
    "src/addons/Andy/Trader/_data/navigation.xml": "f75e1c03a45a360bbdfcd0567121665082315068475d5b0feb8b1acbb1688651",
    "src/addons/Andy/Trader/_data/options.xml": "f1b83aa24ae382a71a1735f4ae65a06224b31c76d7ac10170977d79a6b7c2430",
    "src/addons/Andy/Trader/_data/option_groups.xml": "68b8fe30232a91618c144f76afbea5ba43352a31402dfd9deb06d054fd8feb48",
    "src/addons/Andy/Trader/_data/permissions.xml": "029e45cf3a78378686f07899febf00a459b0d96db12d0fb24959cbdcb340b679",
    "src/addons/Andy/Trader/_data/permission_interface_groups.xml": "ae769b769b4f90304d958d08d8bfd3a64b5f7f78198a2056415075f211ebc859",
    "src/addons/Andy/Trader/_data/phrases.xml": "54bfde290944a0480fcac228cf5652550ed6bcb49f7cc8ddc409a1cdc6a14c43",
    "src/addons/Andy/Trader/_data/routes.xml": "bf920580690d3fc7bf9c9a27b843a06eb411f0db7ed277439c673fc9b13f59ff",
    "src/addons/Andy/Trader/_data/style_properties.xml": "8b8690a8512f01f219dd2da76e3d0c5f62afc1f317b87794a7331c859c36a7a8",
    "src/addons/Andy/Trader/_data/style_property_groups.xml": "68e1879cb3846c42d978487aa8d5145ff3335fc39e58016878824d5cf3fd684c",
    "src/addons/Andy/Trader/_data/templates.xml": "25058b75041e6fff323b7303e9cc5707727c28cf5a2d5cc73df5e91adff2dfd6",
    "src/addons/Andy/Trader/_data/template_modifications.xml": "abfe6291ed81f2905d4acb8ec777521fa482f66fbe2fa1d40ba060940af7e0eb",
    "src/addons/Andy/Trader/_data/widget_definitions.xml": "37e46965256430f24004c2e7f08ba08f9b0d1cbcc4d70e84b3f4e3ffb713e64b",
    "src/addons/Andy/Trader/_data/widget_positions.xml": "a29cee66134f6bc5d75ed9df1eef21096c24401915c5b5c774389c3d7bb2d5b3"
}